patient_id,Data_source,RegID,Sex,Race,Age_Dx,LGL_Type,CD3posCD8pos,RA,Dx_to_CBC_(days),RBC,HCT,HGB,WBC,MCV,RDW,Platelets,Neutrophils,Lymphocytes,ANC,ALC,STAT3_mutations,Date_of_STAT3_sequencing,Assay,STAT3_at_(UVA/Outside),STAT3_VAF,Ever_Tx,Tx_1_indication,Tx1,Time_to_Tx1_(mo),Tx1_duration_(mo),Tx1_response,Deceased_indicator,deceased_date,Clinic_Kit,WES,Dx_to_CBC_negative_flag,Dx_to_CBC_calculated,cbc_date_flag,tx_flag,Age_dx,RA_status,STAT3_status,ever_tx,deceased_raw,deceased_raw_clean,time_to_event_days,time_to_event,death_used_for_censor,flag_missing_dx_date,flag_missing_age_dx,flag_ever_tx_unclear,flag_treated_missing_tx_start,flag_untreated_missing_censor_date,flag_death_before_treatment,flag_nonpositive_time,time_to_treatment_qc_pass,time_to_treatment_qc_reason
NA,Heejin,2407,F,NA,30,T,84,N,0,3.12,28.9,9.7,8.2,92.5,15.8,399,66.5,16,5.45,1.312,D661Y,NA,NA,NA,NA,Y,Neutropenia,MTX,24,18,PR,1,NA,NA,N,FALSE,0,pass,pass,30,N,MT,Y,NA,NA,17,0.5585215605749486,FALSE,FALSE,FALSE,FALSE,FALSE,FALSE,FALSE,FALSE,TRUE,pass
NA,Heejin,2416,F,NA,48,T,38,N,0,5.04,47.6,16.3,10.9,95,NA,343,52,38,5.6,4.1,WT,NA,NA,NA,NA,N,NA,NA,NA,NA,NA,1,NA,NA,N,FALSE,0,pass,pass,48,N,WT,N,NA,NA,2042,67.08829568788501,FALSE,FALSE,FALSE,FALSE,FALSE,FALSE,FALSE,FALSE,TRUE,pass
NA,Heejin,2428,F,NA,29,T,68,N,104,5.04,42.9,13.8,3.26,85.1,13.9,221,13.3,70.2,0.43,2.29,Y640F,NA,NA,NA,NA,Y,NA,MTX,9,NA,PR,1,NA,NA,N,FALSE,104,pass,pass,29,N,MT,Y,NA,NA,284,9.330595482546201,FALSE,FALSE,FALSE,FALSE,FALSE,FALSE,FALSE,FALSE,TRUE,pass
NA,Heejin,2443,F,NA,44,T,66,N,194,2.07,24.7,8.2,2,119,14,23,39,53,NA,NA,WT,NA,NA,NA,NA,Y,NA,MTX,12,2,NR,1,NA,NA,N,FALSE,194,pass,pass,44,N,WT,Y,NA,NA,386,12.681724845995893,FALSE,FALSE,FALSE,FALSE,FALSE,FALSE,FALSE,FALSE,TRUE,pass
NA,Heejin,2386,M,NA,37,GD,27,N,36,4.84,43.6,14.3,3.09,90.1,13,235,41.1,46.9,1.27,1.45,WT,NA,NA,NA,NA,N,NA,NA,NA,NA,NA,1,NA,NA,N,FALSE,36,pass,pass,37,N,WT,N,NA,NA,911,29.930184804928132,FALSE,FALSE,FALSE,FALSE,FALSE,FALSE,FALSE,FALSE,TRUE,pass
NA,Heejin,2410,F,NA,27,T,36,Y,104,4.57,40.6,13,9.71,88.8,13,270,56.3,29.5,5.47,2.86,WT,NA,NA,NA,NA,Y,NA,MTX,10,NA,NE,1,NA,NA,N,FALSE,104,pass,pass,27,Y,WT,Y,NA,NA,281,9.232032854209445,FALSE,FALSE,FALSE,FALSE,FALSE,FALSE,FALSE,FALSE,TRUE,pass
NA,Heejin,2417,F,NA,33,T,74,N,62,3.62,36.2,12.1,5.98,100,14.1,264,21.7,69.2,1.3,4.14,D661V,NA,NA,NA,NA,N,NA,NA,NA,NA,NA,1,NA,NA,N,FALSE,62,pass,pass,33,N,MT,N,NA,NA,1549,50.89117043,FALSE,FALSE,FALSE,FALSE,FALSE,FALSE,FALSE,FALSE,TRUE,pass
NA,Heejin,2418,F,NA,39,NK,12,N,102,4.37,40.5,12.8,11.51,92.7,13.3,334,32.2,52.2,3.71,6.01,WT,NA,NA,NA,NA,N,NA,NA,NA,NA,NA,3,NA,NA,N,FALSE,102,pass,pass,39,N,WT,N,NA,NA,1816,59.663244353182755,FALSE,FALSE,FALSE,FALSE,FALSE,FALSE,FALSE,FALSE,TRUE,pass
NA,Heejin,2432,M,NA,25,T,67,N,0,4.81,40.9,13.9,5.03,85,45.3,229,14,76,0.5,NA,WT,NA,NA,NA,NA,Y,NA,MTX,0,NA,NR,1,NA,NA,N,FALSE,0,pass,cbc_after_treatment_start,25,N,WT,Y,NA,NA,-48,-1.577002053,FALSE,FALSE,FALSE,FALSE,FALSE,FALSE,FALSE,TRUE,FALSE,negative_time
NA,Heejin,2451,M,NA,25,T,36,N,0,5.4,44.1,14.8,5.23,81.7,19.6,151,22.8,53.5,1.19,2.8,WT,NA,NA,NA,NA,N,NA,NA,NA,NA,NA,1,NA,NA,N,FALSE,0,pass,pass,25,N,WT,N,NA,NA,1644,54.012320328542096,FALSE,FALSE,FALSE,FALSE,FALSE,FALSE,FALSE,FALSE,TRUE,pass
NA,Heejin,2454,F,NA,23,T,45,N,0,4.8,39.4,12.3,1.99,82.1,12.9,252,23.6,54.8,0.47,1.09,WT,NA,NA,NA,NA,Y,NA,MTX,3,NA,NR,1,NA,NA,N,FALSE,0,pass,pass,23,N,WT,Y,NA,NA,65,2.135523613963039,FALSE,FALSE,FALSE,FALSE,FALSE,FALSE,FALSE,FALSE,TRUE,pass
NA,Heejin,2460,M,NA,36,GD,50,N,-20,NA,27.5,8.9,4.6,100.7,17.6,215,4,89,NA,NA,N647F,NA,NA,NA,NA,Y,NA,MTX,1,NA,NR,1,NA,NA,N,FALSE,-20,pass,pass,36,N,MT,Y,NA,NA,34,1.1170431211498972,FALSE,FALSE,FALSE,FALSE,FALSE,FALSE,FALSE,FALSE,TRUE,pass
NA,Heejin,2464,F,NA,31,NK,8,N,233,4.31,39.3,13.4,7.9,91.2,11.8,269,35.9,55.7,2.836,4.4,WT,NA,NA,NA,NA,N,NA,NA,NA,NA,NA,3,NA,NA,N,FALSE,233,pass,pass,31,N,WT,N,NA,NA,2010,66.03696098562628,FALSE,FALSE,FALSE,FALSE,FALSE,FALSE,FALSE,FALSE,TRUE,pass
NA,Heejin,2468,F,NA,38,NK,9,N,365,3.44,29.9,10.7,4.1,87,15.1,190,23,67,1,2.7,WT,NA,NA,NA,NA,N,NA,NA,NA,NA,NA,3,NA,NA,N,FALSE,365,outside_1_year_window,pass,38,N,WT,N,NA,NA,742,24.37782340862423,FALSE,FALSE,FALSE,FALSE,FALSE,FALSE,FALSE,FALSE,TRUE,pass
NA,Heejin,1593,M,NA,35,T,84,N,0,4.62,41.7,14.5,7.5,90,14.1,160,1.7,90.4,0.13,6.81,WT,NA,NA,NA,NA,Y,NA,MTX,1,NA,NE,1,NA,NA,N,FALSE,0,pass,pass,35,N,WT,Y,NA,NA,47,1.5441478439425051,FALSE,FALSE,FALSE,FALSE,FALSE,FALSE,FALSE,FALSE,TRUE,pass
NA,Heejin,1636,M,NA,19,T,24,N,0,5.23,44.2,14.6,4.6,85,15,151,0.06,71,NA,NA,Y640F,NA,NA,NA,NA,Y,NA,MTX,12,NA,NR,1,NA,NA,N,FALSE,0,pass,pass,19,N,MT,Y,NA,NA,405,13.305954825462011,FALSE,FALSE,FALSE,FALSE,FALSE,FALSE,FALSE,FALSE,TRUE,pass
NA,Heejin,1648,M,NA,34,T,27,N,0,4.2,35.6,11.9,3.1,84.8,16,348,2.8,66.9,0.09,2.08,WT,NA,NA,NA,NA,Y,NA,MTX,0,NA,NR,1,NA,NA,N,FALSE,0,pass,cbc_after_treatment_start,34,N,WT,Y,NA,NA,-1763,-57.92197125,FALSE,FALSE,FALSE,FALSE,FALSE,FALSE,FALSE,TRUE,FALSE,negative_time
patient_012,Heejin,1796,M,NA,59,T,52,Y,-3,4.47,37.8,12.4,1.65,84.56375839,16.9,181,12,76,0.198,1.254,Y640F,NA,NA,NA,NA,Y,NA,MTX,0,NA,NR,2,12/28/23,Clinic,Y,FALSE,-3,pass,cbc_after_treatment_start,59,Y,MT,Y,12/28/23,12/28/23,-1242,-40.80492813,FALSE,FALSE,FALSE,FALSE,FALSE,FALSE,FALSE,TRUE,FALSE,negative_time
patient_090,Heejin,1849,F,NA,24,T,29,N,267,4.47,41.3,14,4.4,87.9,15.2,160,37,52,1.6,2.3,Y640F,NA,NA,NA,NA,Y,NA,MTX,6,NA,CR,1,NA,Kit,Y,FALSE,267,pass,cbc_after_treatment_start,24,N,MT,Y,NA,NA,182,5.979466119096509,FALSE,FALSE,FALSE,FALSE,FALSE,FALSE,FALSE,FALSE,TRUE,pass
NA,Heejin,1868,F,NA,27,T,64,N,10,1.31,13,4.6,6.5,97,20.1,NA,56,34,NA,NA,WT,NA,NA,NA,NA,Y,NA,MTX,2,NA,NR,1,NA,NA,N,FALSE,10,pass,pass,27,N,WT,Y,NA,NA,82,2.6940451745379876,FALSE,FALSE,FALSE,FALSE,FALSE,FALSE,FALSE,FALSE,TRUE,pass
NA,Heejin,1871,M,NA,38,T,68,N,40,2.18,23.3,7.8,5.49,106.9,18.9,477,15.3,64.5,0.84,3.54,D661Y,NA,NA,NA,NA,Y,NA,CTX,0,1,CR,1,NA,NA,N,FALSE,40,pass,cbc_after_treatment_start,38,N,MT,Y,NA,NA,6,0.1971252566735113,FALSE,FALSE,FALSE,FALSE,FALSE,FALSE,FALSE,FALSE,TRUE,pass
NA,Heejin,1881,F,NA,37,T,31,Y,174,4.63,43.5,14.4,2,94,15.9,221,NA,NA,0.48,1.2,WT,NA,NA,NA,NA,Y,Neutropenia,MTX,0,1,NR,1,NA,NA,N,FALSE,174,pass,cbc_after_treatment_start,37,Y,WT,Y,NA,NA,22,0.7227926078028748,FALSE,FALSE,FALSE,FALSE,FALSE,FALSE,FALSE,FALSE,TRUE,pass
NA,Heejin,1884,M,NA,43,T,71,N,0,5.07,45.5,15.2,4.2,89.7,15.8,100,20.3,55.2,0.85,2.31,WT,NA,NA,NA,NA,N,NA,MTX,NA,NA,NR,1,NA,NA,N,FALSE,0,pass,pass,43,N,WT,N,NA,NA,2453,80.59137577002053,FALSE,FALSE,FALSE,FALSE,FALSE,FALSE,FALSE,FALSE,TRUE,pass
NA,Heejin,1888,F,NA,66,GD,68,Y,0,4.53,34.5,11,3.11,76.1589404,16.4,109,0.4,80.4,0.01244,2.50044,D661Y,NA,NA,NA,NA,N,NA,NA,0,NA,NA,1,NA,Clinic,Y,FALSE,0,pass,pass,66,Y,MT,N,NA,NA,2683,88.14784394250513,FALSE,FALSE,FALSE,FALSE,FALSE,FALSE,FALSE,FALSE,TRUE,pass
patient_091,Heejin,1917,F,NA,37,T,71.8,N,420,NA,NA,13.2,18.2,NA,NA,256,44.5,49.5,NA,NA,WT,NA,NA,NA,NA,Y,Thrombocytopenia,CTX,18,2,NE,3,NA,NA,N,FALSE,420,outside_1_year_window,pass,37,N,WT,Y,NA,NA,546,17.93839835728953,FALSE,FALSE,FALSE,FALSE,FALSE,FALSE,FALSE,FALSE,TRUE,pass
patient_043,Heejin,1918,F,NA,40,T,96,N,0,2.95,30.2,10.3,7.1,102,16.5,162,5,91,0.36,6.46,D661Y,NA,NA,NA,NA,Y,NA,MTX,47,NA,NR,2,6/7/22,Kit,Y,NA,0,pass,pass,40,N,MT,Y,6/7/22,6/7/22,1441,47.34291581,FALSE,FALSE,FALSE,FALSE,FALSE,FALSE,FALSE,FALSE,TRUE,pass
patient_055,Heejin,1948,M,NA,78,T,31,N,296,3.36,30.2,9.1,4.95,89.88095238,16.3,243,54,30.1,2.673,1.48995,WT,NA,NA,NA,NA,Y,NA,MTX,0,NA,NR,1,NA,Clinic,Y,FALSE,296,pass,cbc_after_treatment_start,78,N,WT,Y,NA,NA,6,0.1971252566735113,FALSE,FALSE,FALSE,FALSE,FALSE,FALSE,FALSE,FALSE,TRUE,pass
NA,Heejin,2005,F,NA,34,T,79,N,124,2.46,23.4,7.9,8.21,95.1,19.7,133,23.7,61.3,1.95,5.04,WT,NA,NA,NA,NA,Y,NA,MTX,0,NA,NE,1,NA,NA,N,FALSE,124,pass,cbc_after_treatment_start,34,N,WT,Y,NA,NA,18,0.5913757700205339,FALSE,FALSE,FALSE,FALSE,FALSE,FALSE,FALSE,FALSE,TRUE,pass
patient_080,Heejin,2006,F,NA,40,T,41,N,57,1.94,22.6,7.5,4.7,116,14.4,14,26.7,67,1.26,3.15,WT,NA,NA,NA,NA,Y,NA,MTX,0,3,NE,1,NA,NA,N,FALSE,57,pass,cbc_after_treatment_start,40,N,WT,Y,NA,NA,-15,-0.492813142,FALSE,FALSE,FALSE,FALSE,FALSE,FALSE,FALSE,TRUE,FALSE,negative_time
patient_093,Heejin,2018,F,NA,30,T,80,NA,0,NA,37.2,12.3,15.1,96,NA,529,NA,NA,NA,NA,WT,NA,NA,NA,NA,Y,NA,MTX,0,NA,NR,1,NA,Kit,Y,FALSE,0,pass,cbc_after_treatment_start,30,NA,WT,Y,NA,NA,-98,-3.219712526,FALSE,FALSE,FALSE,FALSE,FALSE,FALSE,FALSE,TRUE,FALSE,negative_time
patient_005,Heejin,2022,M,NA,65,T,48,N,34,4.75,42.7,14.4,3.5,89.9,14.7,150,25.5,64.9,0.9,2.2,Y640F,NA,NA,NA,NA,Y,NA,MTX,3,19,CR,2,10/24/23,Clinic,Y,FALSE,34,pass,pass,65,N,MT,Y,10/24/23,10/24/23,98,3.2197125256673513,FALSE,FALSE,FALSE,FALSE,FALSE,FALSE,FALSE,FALSE,TRUE,pass
patient_018,Heejin,2056,F,NA,38,T,47,Y,273,4.19,36.1,11.8,2.97,86.1575179,15.6,179,24,52.2,0.7128,1.55034,Y640F,NA,NA,NA,NA,Y,NA,MTX,3,6,CR,1,NA,Clinic,Y,FALSE,273,pass,cbc_after_treatment_start,38,Y,MT,Y,NA,NA,83,2.726899383983573,FALSE,FALSE,FALSE,FALSE,FALSE,FALSE,FALSE,FALSE,TRUE,pass
patient_034,Heejin,2062,M,NA,39,T,85,N,171,3.41,32.7,11.1,3.84,95.9,16.8,129,19,74.8,0.73,2.87,D661Y,NA,NA,NA,NA,Y,NA,CSA,40,36,CR,1,NA,Clinic,Y,NA,171,pass,pass,39,N,MT,Y,NA,NA,1230,40.41067761806981,FALSE,FALSE,FALSE,FALSE,FALSE,FALSE,FALSE,FALSE,TRUE,pass
patient_032,Heejin,2084,M,NA,68,T,NA,N,6,4.86,39.6,13.3,3,81.5,14.2,131,10,72,0.3,2.16,Y640F,NA,NA,NA,NA,Y,NA,MTX,4,NA,NE,1,NA,Kit,Y,FALSE,6,pass,pass,68,N,MT,Y,NA,NA,507,16.657084188911703,FALSE,FALSE,FALSE,FALSE,FALSE,FALSE,FALSE,FALSE,TRUE,pass
patient_010,Heejin,2126,M,NA,74,T,84,N,20,2.29,24.5,8,6.31,106.9868996,16.6,405,1.8,78.6,0.11358,4.95966,Y640F,NA,NA,NA,NA,Y,NA,MTX,6,NA,CR,1,NA,Clinic,Y,FALSE,20,pass,pass,74,N,MT,Y,NA,NA,194,6.373716632443532,FALSE,FALSE,FALSE,FALSE,FALSE,FALSE,FALSE,FALSE,TRUE,pass
patient_008,Heejin,2147,F,NA,57,T,NA,N,36,3.99,36.5,13,4.2,91.47869674,14.6,225,0.095238095,0.785714286,0.4,3.3,D661Y,NA,NA,NA,NA,Y,NA,MTX,0,6,NR,1,NA,Kit,Y,FALSE,36,pass,cbc_after_treatment_start,57,N,MT,Y,NA,NA,-721,-23.68788501,FALSE,FALSE,FALSE,FALSE,FALSE,FALSE,FALSE,TRUE,FALSE,negative_time
patient_088,Heejin,2151,M,NA,81,T,92,N,0,3.51,33.8,11.5,10.1,96.2962963,17.1,72.1,18,72.1,1.818,7.2821,D661Y,NA,NA,NA,NA,Y,NA,MTX,26,NA,CR,1,NA,Clinic,Y,FALSE,0,pass,pass,81,N,MT,Y,NA,NA,794,26.086242299794662,FALSE,FALSE,FALSE,FALSE,FALSE,FALSE,FALSE,FALSE,TRUE,pass
patient_083,Heejin,2228,F,NA,60,T,78,N,48,5.34,43.7,14,12.99,81.83520599,16.5,136,8.7,80,1.13013,10.392,D661Y,NA,NA,NA,NA,Y,NA,MTX,12,NA,NR,1,NA,Clinic,Y,FALSE,48,pass,pass,60,N,MT,Y,NA,NA,337,11.071868583162217,FALSE,FALSE,FALSE,FALSE,FALSE,FALSE,FALSE,FALSE,TRUE,pass
NA,Heejin,2257,F,NA,41,T,49,N,233,3.69,34.2,11.4,2.82,92.7,13.2,189,34,46.8,0.96,1.32,Y640F,NA,NA,NA,NA,Y,Neutropenia,MTX,0,10,PR,1,NA,NA,N,FALSE,233,pass,cbc_after_treatment_start,41,N,MT,Y,NA,NA,-69,-2.266940452,FALSE,FALSE,FALSE,FALSE,FALSE,FALSE,FALSE,TRUE,FALSE,negative_time
NA,Heejin,2275,F,NA,47,GD,11,Y,64,4.25,36.3,12,2.8,85.4,14.7,213,NA,31,NA,0.87,Y640F,NA,NA,NA,NA,Y,Neutropenia,MTX,1,2,NE,1,NA,NA,N,FALSE,64,pass,cbc_after_treatment_start,47,Y,MT,Y,NA,NA,36,1.1827515400410678,FALSE,FALSE,FALSE,FALSE,FALSE,FALSE,FALSE,FALSE,TRUE,pass
NA,Heejin,2320,F,NA,47,T,80,N,134,2.42,25.4,8.3,5.03,105,16.8,310,18.6,73.2,0.94,3.68,WT,NA,NA,NA,NA,Y,NA,MTX,5,NA,CR,1,NA,NA,N,FALSE,134,pass,pass,47,N,WT,Y,NA,NA,148,4.862422997946612,FALSE,FALSE,FALSE,FALSE,FALSE,FALSE,FALSE,FALSE,TRUE,pass
NA,Heejin,2340,M,NA,44,T,79,N,218,5,42.7,14.9,8.8,85.4,NA,105,20,66,1.7,5.86,WT,NA,NA,NA,NA,Y,NA,MTX,less than 6 months,NA,NE,1,NA,NA,N,FALSE,218,pass,cbc_after_treatment_start,44,N,WT,Y,NA,NA,175,5.749486652977413,FALSE,FALSE,FALSE,FALSE,FALSE,FALSE,FALSE,FALSE,TRUE,pass
NA,Heejin,2344,F,NA,36,T,47,N,61,3.43,33.5,11.3,3.6,97.7,14.9,198,40.3,49.4,1.45,1.78,WT,NA,NA,NA,NA,Y,Neutropenia,MTX,0.5,2,NE,1,NA,NA,N,FALSE,61,pass,cbc_after_treatment_start,36,N,WT,Y,NA,NA,18,0.5913757700205339,FALSE,FALSE,FALSE,FALSE,FALSE,FALSE,FALSE,FALSE,TRUE,pass
NA,Heejin,2374,M,NA,39,T,49,N,497,NA,39.9,14,4.4,90.1,13,152,1.5,78.9,NA,NA,WT,NA,NA,NA,NA,Y,Neutropenia,MTX,19,3,NR,1,NA,NA,N,FALSE,497,outside_1_year_window,pass,39,N,WT,Y,NA,NA,586,19.252566735112936,FALSE,FALSE,FALSE,FALSE,FALSE,FALSE,FALSE,FALSE,TRUE,pass
NA,Nate,2382,F,W,62,T,unk,Y,NA,NA,NA,NA,NA,NA,NA,NA,NA,NA,NA,NA,D661Y,unk,unk,unk,unk,no (MTX for RA),NA,MTX,0,6 years,0,1,NA,NA,NA,NA,NA,missing_or_invalid_date,missing_or_unclear_ever_tx,62,Y,MT,NA,NA,NA,NA,NA,FALSE,FALSE,FALSE,TRUE,FALSE,NA,FALSE,FALSE,FALSE,Ever_Tx_unclear
NA,Nate,2384,M,W,56,T,0.72,N,0,NA,NA,10.3,5.4,100,NA,271,35.18518519,NA,1.9,NA,Y640F,4/16/19,sanger,unk,>15%,Y,Anemia,MTX,1,24,CR,1,NA,NA,NA,FALSE,0,pass,pass,56,N,MT,Y,NA,NA,49,1.6098562628336757,FALSE,FALSE,FALSE,FALSE,FALSE,FALSE,FALSE,FALSE,TRUE,pass
NA,Nate,2395,F,W,70,T,unk,Y,105,4.15,35.4,12.4,2,85.2,15.7,208,NA,NA,NA,NA,Y640F,unk,unk,unk,unk,Y,Neutropenia,MTX,0,unk,PR,2,unk,NA,NA,FALSE,105,pass,cbc_after_treatment_start,70,Y,MT,Y,NA,NA,-2159,-70.93223819,FALSE,FALSE,FALSE,FALSE,FALSE,FALSE,FALSE,TRUE,FALSE,negative_time
NA,Nate,2397,M,W,63,T,0.36,N,1254,4.66,39.4,14.3,3.4,85,14.5,0.253,20,53.82352941,0.68,1.83,0,1/0/00,0,0,0,0,0,0,0,0,0,1,NA,NA,NA,FALSE,1254,outside_1_year_window,missing_or_unclear_ever_tx,63,N,NA,NA,NA,NA,NA,NA,FALSE,FALSE,FALSE,TRUE,NA,NA,FALSE,FALSE,FALSE,Ever_Tx_unclear
NA,Nate,2400,F,H,57,T,0.54,Y,5,5.9,40,12.8,5.9,97.1,13.8,283,38.61016949,96.38983051,2.278,5.687,WT,unk,unk,unk,unk,N,NA,NA,NA,NA,NA,1,NA,NA,NA,FALSE,5,pass,pass,57,Y,WT,N,NA,NA,991,32.558521560574945,FALSE,FALSE,FALSE,FALSE,FALSE,FALSE,FALSE,FALSE,TRUE,pass
NA,Nate,2406,F,W,55,T,0.11,N,8,3.87,34,11,1.7,88,23.9,53,5.882352941,88.23529412,0.1,1.5,Y640F,7/9/19,sanger,unk,>15%,Y,Neutropenia/Thrombocytopenia,MTX,0,6,NR,2,6/14/24,NA,NA,FALSE,8,pass,pass,55,N,MT,Y,6/14/24,6/14/24,29,0.9527720739219713,FALSE,FALSE,FALSE,FALSE,FALSE,FALSE,FALSE,FALSE,TRUE,pass
NA,Nate,2409,F,W,65,T,0.1,N,NA,NA,NA,NA,NA,NA,NA,262,NA,NA,NA,NA,WT,unk,unk,unk,unk,Y,Neutropenia,MTX,3,9,PR,1,NA,NA,NA,NA,NA,missing_or_invalid_date,treated_but_missing_tx1_start_date,65,N,WT,Y,NA,NA,3031,99.58110882956879,FALSE,FALSE,FALSE,FALSE,FALSE,FALSE,FALSE,FALSE,TRUE,pass
NA,Nate,2414,F,W,50,T,0.46,N,29,4.76,40.8,13.2,3.27,85.7,14.5,206,9.480122324,77.98165138,0.31,2.55,WT,unk,unk,unk,unk,Y,Neutropenia,MTX,8,4,NR,1,NA,NA,NA,FALSE,29,pass,cbc_after_treatment_start,50,N,WT,Y,NA,NA,-1059,-34.7926078,FALSE,FALSE,FALSE,FALSE,FALSE,FALSE,FALSE,TRUE,FALSE,negative_time
NA,Nate,2421,F,W,68,T,0.44,N,6,4.73,38.6,12.3,3.4,81.6,14.1,226,54.11764706,30.88235294,1.84,1.05,WT,unk,unk,unk,unk,Y,Neutropenia,CSA,0,24,PR,1,NA,NA,NA,FALSE,6,pass,pass,68,N,WT,Y,NA,NA,3303,108.51745379876797,FALSE,FALSE,FALSE,FALSE,FALSE,FALSE,FALSE,FALSE,TRUE,pass
NA,Nate,2425,F,W,57,T,Y,N,5,2.28,25,8.5,3.6,109.6,15.8,316,29.44444444,62.22222222,1.06,2.24,WT,unk,unk,unk,unk,Y,Neutropenia/Anemia,MTX,1,69,CR,1,NA,NA,NA,FALSE,5,pass,pass,57,N,WT,Y,NA,NA,2939,96.55852156057495,FALSE,FALSE,FALSE,FALSE,FALSE,FALSE,FALSE,FALSE,TRUE,pass
NA,Nate,2426,M,W,54,T,unk,N,376,4.38,39.7,13.6,2.78,90.6,13.2,177,9.352517986,76.25899281,0.26,2.12,WT,unk,unk,unk,unk,Y,Neutropenia,MTX,14,73,CR,1,NA,NA,NA,FALSE,376,outside_1_year_window,pass,54,N,WT,Y,NA,NA,2637,86.63655030800821,FALSE,FALSE,FALSE,FALSE,FALSE,FALSE,FALSE,FALSE,TRUE,pass
NA,Nate,2429,F,AA,53,T,0.21,N,165,3.18,30.1,9.6,3.8,94.7,17.7,45,52.63157895,39.47368421,2,1.5,WT,unk,unk,unk,unk,Y,Anemia/Thrombocytopenia,MTX,6,4,NR,1,NA,NA,NA,FALSE,165,pass,pass,53,N,WT,Y,NA,NA,3849,126.45585215605749,FALSE,FALSE,FALSE,FALSE,FALSE,FALSE,FALSE,FALSE,TRUE,pass
NA,Nate,2433,F,W,42,T,0.33,N,NA,NA,NA,NA,NA,NA,NA,NA,NA,NA,NA,NA,Y640F,10/1/19,sanger,unk,>15%,Y,Neutropenia/Anemia,CTX,unk,unk,CR,1,NA,NA,NA,NA,NA,missing_or_invalid_date,treated_but_missing_tx1_start_date,42,N,MT,Y,NA,NA,0,0,FALSE,FALSE,FALSE,FALSE,FALSE,FALSE,FALSE,FALSE,TRUE,pass
NA,Nate,2435,F,W,52,T,0.46,Y,16,4.68,41.3,14,5.7,88.4,12.4,65,8.245614035,82.45614035,0.47,4.7,Y640F,10/19/26,sanger,unk,>15%,N,Neutropenia,none,NA,NA,NA,1,NA,NA,NA,FALSE,16,pass,pass,52,Y,MT,N,NA,NA,NA,NA,FALSE,FALSE,FALSE,FALSE,FALSE,TRUE,FALSE,FALSE,FALSE,untreated_missing_censor_date
NA,Nate,2437,F,W,67,T,0.67,N,19,4.02,32.7,10.4,1.6,82,13.6,183,6.25,100,0.1,1.6,WT,unk,unk,unk,unk,Y,Neutropenia/Anemia,MTX,1,76,CR,1,NA,NA,NA,FALSE,19,pass,pass,67,N,WT,Y,NA,NA,36,1.1827515400410678,FALSE,FALSE,FALSE,FALSE,FALSE,FALSE,FALSE,FALSE,TRUE,pass
NA,Nate,2438,M,W,60,T,0.34,N,1947,4.54,44.4,15.2,1.7,98,14.1,75,17.64705882,52.94117647,0.3,0.9,WT,unk,unk,unk,unk,Y,Neutropenia,MTX,66,4,NR,1,NA,NA,NA,FALSE,1947,outside_1_year_window,pass,60,N,WT,Y,NA,NA,4552,149.5523613963039,FALSE,FALSE,FALSE,FALSE,FALSE,FALSE,FALSE,FALSE,TRUE,pass
NA,Nate,2439,F,AA,46,T,unk,N,NA,NA,NA,NA,NA,NA,NA,NA,NA,NA,NA,NA,WT,unk,unk,unk,unk,Y,Neutropenia,CSA,0,48,PR,1,NA,NA,NA,NA,NA,missing_or_invalid_date,treated_but_missing_tx1_start_date,46,N,WT,Y,NA,NA,5756,189.1088295687885,FALSE,FALSE,FALSE,FALSE,FALSE,FALSE,FALSE,FALSE,TRUE,pass
NA,Nate,2440,M,As,52,T,0.46,N,280,4.37,39.8,12.7,7.42,91.1,13,252,33.2884097,51.34770889,2.47,3.81,WT,unk,unk,unk,unk,N,NA,NA,NA,NA,NA,1,NA,NA,NA,FALSE,280,pass,pass,52,N,WT,N,NA,NA,962,31.60574948665298,FALSE,FALSE,FALSE,FALSE,FALSE,FALSE,FALSE,FALSE,TRUE,pass
NA,Nate,2444,M,W,49,T,0.72,N,NA,NA,NA,NA,NA,NA,NA,NA,NA,NA,NA,NA,WT,unk,unk,unk,unk,Y,Anemia,MTX,0,5,CR,1,NA,NA,NA,NA,NA,missing_or_invalid_date,treated_but_missing_tx1_start_date,49,N,WT,Y,NA,NA,6581,216.2135523613963,FALSE,FALSE,FALSE,FALSE,FALSE,FALSE,FALSE,FALSE,TRUE,pass
NA,Nate,2448,M,W,69,T,0.49,N,NA,NA,NA,NA,NA,NA,NA,NA,NA,NA,NA,NA,WT,unk,unk,unk,unk,Y,Anemia/Thrombocytopneia,CSA,0,0,0,1,NA,NA,NA,NA,NA,missing_or_invalid_date,treated_but_missing_tx1_start_date,69,N,WT,Y,NA,NA,2966,97.44558521560575,FALSE,FALSE,FALSE,FALSE,FALSE,FALSE,FALSE,FALSE,TRUE,pass
NA,Nate,2457,M,W,46,T,0.82,N,2771,3.4,34.6,12.4,11.68,101.8,14.7,266,2.568493151,93.92123288,0.3,10.97,WT,unk,unk,unk,unk,Y,Neutropenia,MTX,91,57,PR,1,NA,NA,NA,FALSE,2771,outside_1_year_window,pass,46,N,WT,Y,NA,NA,2778,91.26899383983573,FALSE,FALSE,FALSE,FALSE,FALSE,FALSE,FALSE,FALSE,TRUE,pass
NA,Nate,2462,F,W,56,T,0.85,N,138,2.75,28.7,9.1,8.63,104.4,23.9,245,10.54461182,80.64889919,0.91,6.96,WT,unk,unk,unk,unk,Y,Anemia,MTX,4,55,CR,1,NA,NA,NA,FALSE,138,pass,pass,56,N,WT,Y,NA,NA,166,5.453798767967146,FALSE,FALSE,FALSE,FALSE,FALSE,FALSE,FALSE,FALSE,TRUE,pass
NA,Nate,2466,M,W,72,T,0.79,N,1290,2.36,24.9,8.8,31.9,106,20,354,3.510971787,91.88087774,1.12,29.31,D661Y,1/14/20,sanger,unk,>15%,Y,Anemia,CTX,36,3,PR,1,NA,NA,NA,FALSE,1290,outside_1_year_window,pass,72,N,MT,Y,NA,NA,1290,42.38193018480493,FALSE,FALSE,FALSE,FALSE,FALSE,FALSE,FALSE,FALSE,TRUE,pass
NA,Nate,2472,F,W,27,T,0.64,N,56,5.28,44.1,14.7,2.1,83.5,13.7,106,2.380952381,86.66666667,0.05,1.82,WT,unk,unk,OSH,unk,Y,Neutropenia,MTX,2,23,NR,1,NA,NA,NA,FALSE,56,pass,pass,27,N,WT,Y,NA,NA,2636,86.60369609856262,FALSE,FALSE,FALSE,FALSE,FALSE,FALSE,FALSE,FALSE,TRUE,pass
NA,Nate,2499,F,W,35,T,0.45,N,NA,NA,NA,NA,NA,NA,NA,NA,NA,NA,NA,NA,WT,unk,unk,unk,unk,Y,Neutropenia,MTX,3,5,NR,1,NA,NA,NA,NA,NA,missing_or_invalid_date,treated_but_missing_tx1_start_date,35,N,WT,Y,NA,NA,2667,87.62217659137578,FALSE,FALSE,FALSE,FALSE,FALSE,FALSE,FALSE,FALSE,TRUE,pass
NA,Heejin,1363,M,NA,20,T,67,Y,62,5.46,45.7,15.6,7.6,83.7,12.5,167,24,60,1.8,4.6,WT,NA,NA,NA,NA,N,NA,NA,NA,NA,NA,3,NA,NA,N,FALSE,62,pass,pass,20,Y,WT,N,NA,NA,101,3.3182751540041067,FALSE,FALSE,FALSE,FALSE,FALSE,FALSE,FALSE,FALSE,TRUE,pass
NA,Heejin,1411,F,NA,20,T,54,N,1,4.41,34.5,11.7,2.9,78.5,14.3,220,1,69,0.029,2.001,Y640F,NA,NA,NA,NA,Y,NA,CSA,0,NA,NA,3,NA,NA,N,FALSE,1,pass,pass,20,N,MT,Y,NA,NA,1,0.032854209,FALSE,FALSE,FALSE,FALSE,FALSE,FALSE,FALSE,FALSE,TRUE,pass
NA,Heejin,1438,F,NA,33,NK,NA,N,1,2.81,25.6,9,4.91,81.1,20.3,91,57.6,36.5,2.8,1.8,WT,NA,NA,NA,NA,N,NA,NA,NA,NA,NA,3,NA,NA,N,FALSE,1,pass,pass,33,N,WT,N,NA,NA,870,28.583162217659137,FALSE,FALSE,FALSE,FALSE,FALSE,FALSE,FALSE,FALSE,TRUE,pass
NA,Heejin,1462,M,NA,32,T,NA,N,151,3.38,34.3,11.7,10.6,101.5,17.6,203,8.9,84.7,0.94,8.98,N647I,NA,NA,NA,NA,Y,NA,MTX,137,NA,NA,3,NA,NA,N,FALSE,151,pass,pass,32,N,MT,Y,NA,NA,4190,137.65913757700204,FALSE,FALSE,FALSE,FALSE,FALSE,FALSE,FALSE,FALSE,TRUE,pass
patient_069,Heejin,1474,M,NA,71,T,75,N,0,4.37,40.1,13.4,6.1,91.76201373,14.9,166,28,65,1.708,3.965,Y640F,NA,NA,NA,NA,N,NA,NA,UNK,NA,NA,3,NA,Kit,Y,FALSE,0,pass,pass,71,N,MT,N,NA,NA,4622,151.85215605749485,FALSE,FALSE,FALSE,FALSE,FALSE,FALSE,FALSE,FALSE,TRUE,pass
NA,Heejin,1478,F,NA,37,T,NA,N,0,NA,NA,13.3,5,98,NA,209,36,53,1.8,2.65,WT,NA,NA,NA,NA,N,NA,NA,NA,NA,NA,3,NA,NA,N,FALSE,0,pass,pass,37,N,WT,N,NA,NA,4576,150.34086242299796,FALSE,FALSE,FALSE,FALSE,FALSE,FALSE,FALSE,FALSE,TRUE,pass
patient_007,Heejin,1499,F,NA,49,T,53,N,10,4.48,38,13,8.8,84.7,13.4,107,2,93,0.18,8.18,Y640F,NA,NA,NA,NA,Y,NA,CSA,0,10,NR,3,NA,Clinic,Y,FALSE,10,pass,cbc_after_treatment_start,49,N,MT,Y,NA,NA,1,0.032854209,FALSE,FALSE,FALSE,FALSE,FALSE,FALSE,FALSE,FALSE,TRUE,pass
NA,Heejin,1528,M,NA,39,NK,NA,N,247,NA,34.4,12.2,5.4,NA,NA,61,NA,59,1.62,NA,WT,NA,NA,NA,NA,N,NA,NA,NA,NA,NA,3,NA,NA,N,FALSE,247,pass,pass,39,N,WT,N,NA,NA,528,17.347022587268995,FALSE,FALSE,FALSE,FALSE,FALSE,FALSE,FALSE,FALSE,TRUE,pass
patient_051,Heejin,1544,F,NA,47,T,NA,N,0,4.3,37.7,12.9,5.2,87.6,14.4,350,NA,63,NA,NA,V667L,NA,NA,NA,NA,N,NA,NA,UNK,NA,NA,1,NA,Kit,Y,FALSE,0,pass,pass,47,N,MT,N,NA,NA,5820,191.21149897330596,FALSE,FALSE,FALSE,FALSE,FALSE,FALSE,FALSE,FALSE,TRUE,pass
patient_095,Heejin,1549,F,NA,59,T,84,N,18,3.09,32.2,10.6,13,104,NA,NA,NA,NA,NA,NA,WT,NA,NA,NA,NA,Y,NA,CTX,89,NA,NA,3,NA,Kit,Y,FALSE,18,pass,pass,59,N,WT,Y,NA,NA,2737,89.92197125256673,FALSE,FALSE,FALSE,FALSE,FALSE,FALSE,FALSE,FALSE,TRUE,pass
NA,Heejin,1590,F,NA,39,T,35,N,-8,4.3,38.5,13,4.5,90,13.3,202,35,55,1.6,2.4,WT,NA,NA,NA,NA,N,NA,NA,NA,NA,NA,1,NA,NA,N,TRUE,-8,pass,pass,39,N,WT,N,NA,NA,4828,158.62012320328543,FALSE,FALSE,FALSE,FALSE,FALSE,FALSE,FALSE,FALSE,TRUE,pass
NA,Heejin,1617,F,NA,37,T,47,Y,4,4.22,37.7,12.3,4.4,89,13.6,204,13,71,0.57,3.12,N647I,NA,NA,NA,NA,Y,NA,MTX,0,NA,NA,3,NA,NA,N,FALSE,4,pass,cbc_after_treatment_start,37,Y,MT,Y,NA,NA,0,0,FALSE,FALSE,FALSE,FALSE,FALSE,FALSE,FALSE,FALSE,TRUE,pass
NA,Heejin,1673,F,NA,20,T,63,N,349,4.6,39.7,13.4,5.6,75.3,12.6,191,16.2,75.3,1,4.2,Y640F,NA,NA,NA,NA,N,NA,NA,NA,NA,NA,1,NA,NA,N,FALSE,349,pass,pass,20,N,MT,N,NA,NA,5424,178.20123203285422,FALSE,FALSE,FALSE,FALSE,FALSE,FALSE,FALSE,FALSE,TRUE,pass
NA,Heejin,1679,F,NA,36,GD,22,Y,19,4.37,36.4,11.9,13,83.4,13,264,41.9,50.2,5.4,6.5,WT,NA,NA,NA,NA,N,NA,MTX,30,NA,UNK,2,9/21/21,NA,N,FALSE,19,pass,pass,36,Y,WT,N,9/21/21,9/21/21,3734,122.6776180698152,TRUE,FALSE,FALSE,FALSE,FALSE,FALSE,FALSE,FALSE,TRUE,pass
patient_084,Heejin,1688,F,NA,57,T,NA,N,0,4.26,41.1,13.5,2.91,96.5,12.3,153,57.8,31.6,1.68,0.92,WT,NA,NA,NA,NA,N,NA,NA,UNK,NA,NA,3,NA,Kit,Y,FALSE,0,pass,pass,57,N,WT,N,NA,NA,4429,145.51129363449692,FALSE,FALSE,FALSE,FALSE,FALSE,FALSE,FALSE,FALSE,TRUE,pass
NA,Heejin,1702,F,NA,38,T,36,N,0,4.26,39.6,13.3,6,93.1,14.7,340,36,46,2.16,2.76,WT,NA,NA,NA,NA,N,NA,NA,NA,NA,NA,3,NA,NA,N,FALSE,0,pass,pass,38,N,WT,N,NA,NA,2504,82.26694045174538,FALSE,FALSE,FALSE,FALSE,FALSE,FALSE,FALSE,FALSE,TRUE,pass
NA,Heejin,1703,F,NA,33,T,NA,N,0,4.74,41.4,12.9,4.4,87,14.7,NA,35,52,1.5,2.3,WT,NA,NA,NA,NA,Y,NA,MTX,98,NA,NA,1,NA,NA,N,FALSE,0,pass,treated_but_missing_tx1_start_date,33,N,WT,Y,NA,NA,2956,97.11704312114989,FALSE,FALSE,FALSE,FALSE,FALSE,FALSE,FALSE,FALSE,TRUE,pass
NA,Heejin,1707,F,NA,37,T,60,N,1,3,25.7,8.9,2.2,84,15.6,251,3,80,0.066,1.76,WT,NA,NA,NA,NA,Y,NA,MTX,28,NA,NA,3,NA,NA,N,FALSE,1,pass,pass,37,N,WT,Y,NA,NA,873,28.681724845995895,FALSE,FALSE,FALSE,FALSE,FALSE,FALSE,FALSE,FALSE,TRUE,pass
patient_058,Heejin,1715,F,NA,43,T,46,N,65,2.74,28.4,9.9,7.7,103.649635,16.5,327,5,90,0.385,6.93,Y640F,NA,NA,NA,NA,Y,NA,MTX,52,NA,NA,1,NA,Kit,Y,FALSE,65,pass,pass,43,N,MT,Y,NA,NA,2321,76.25462012320328,FALSE,FALSE,FALSE,FALSE,FALSE,FALSE,FALSE,FALSE,TRUE,pass
patient_059,Heejin,1718,M,NA,57,T,75,N,-31,3.24,31,11.1,6.7,96,15,361,21,63,1.4,4.22,N647I,NA,NA,NA,NA,Y,NA,MTX,79,NA,NA,1,NA,Clinic,Y,TRUE,-31,pass,pass,57,N,MT,Y,NA,NA,2455,80.65708418891171,FALSE,FALSE,FALSE,FALSE,FALSE,FALSE,FALSE,FALSE,TRUE,pass
NA,Heejin,1721,F,NA,37,T,pos,N,-4,4.74,42,14.1,5.9,88.6,13.2,201,14.1,74.4,0.8,4.4,D661Y,NA,NA,NA,NA,NA,NA,NA,0,NA,NA,3,NA,NA,N,TRUE,-4,pass,missing_or_unclear_ever_tx,37,N,MT,NA,NA,NA,NA,NA,FALSE,FALSE,FALSE,TRUE,FALSE,NA,FALSE,FALSE,FALSE,Ever_Tx_unclear
NA,Heejin,1726,M,NA,70,GD,15,N,26,4.33,38.3,12.8,4.8,88.5,16.3,34,33,57,1.584,2.7,WT,NA,NA,NA,NA,Y,NA,CTX,11,48,NE,3,NA,Kit,Y,FALSE,26,pass,pass,70,N,WT,Y,NA,NA,786,25.82340862422998,FALSE,FALSE,FALSE,FALSE,FALSE,FALSE,FALSE,FALSE,TRUE,pass
patient_047,Heejin,1733,F,NA,64,T,40,Y,0,3.66,34.9,11.3,9.79,95.35519126,15.1,317,32,60,3.1328,5.874,WT,NA,NA,NA,NA,N,NA,MTX,NA,NA,NA,3,NA,Clinic,Y,FALSE,0,pass,pass,64,Y,WT,N,NA,NA,2716,89.23203285420945,FALSE,FALSE,FALSE,FALSE,FALSE,FALSE,FALSE,FALSE,TRUE,pass
NA,Heejin,1737,M,NA,42,T,79,N,71,5.29,42.9,14,5.21,81.1,12.8,28,9,85,0.47,4.42,D661Y,NA,NA,NA,NA,N,NA,NA,UNK,NA,NA,3,NA,NA,N,FALSE,71,pass,pass,42,N,MT,N,NA,NA,203,6.669404517453799,FALSE,FALSE,FALSE,FALSE,FALSE,FALSE,FALSE,FALSE,TRUE,pass
patient_028,Heejin,1746,F,NA,64,T,72,N,NA,NA,NA,NA,NA,NA,NA,NA,NA,NA,NA,NA,Y640F,NA,NA,NA,NA,Y,NA,CSA,0,3,PR,3,NA,Clinic,Y,NA,NA,missing_or_invalid_date,treated_but_missing_tx1_start_date,64,N,MT,Y,NA,NA,3,0.098562628,FALSE,FALSE,FALSE,FALSE,FALSE,FALSE,FALSE,FALSE,TRUE,pass
patient_004,Heejin,1754,F,NA,62,T,54,N,-1092,5.16,46.2,16.2,10.89,89.53488372,12.7,255,48.7,43.2,5.30343,4.70448,WT,NA,NA,NA,NA,N,NA,NA,NA,NA,NA,1,NA,Clinic,Y,TRUE,-1092,outside_1_year_window,pass,62,N,WT,N,NA,NA,2772,91.07186858316221,FALSE,FALSE,FALSE,FALSE,FALSE,FALSE,FALSE,FALSE,TRUE,pass
NA,Heejin,1768,M,NA,62,NK,14,N,0,5.31,45.2,15.2,6.52,85.1,13.1,179,32,61,2.09,3.97,WT,NA,NA,NA,NA,N,NA,NA,NA,NA,NA,3,NA,Clinic,Y,FALSE,0,pass,pass,62,N,WT,N,NA,NA,3879,127.44147843942505,FALSE,FALSE,FALSE,FALSE,FALSE,FALSE,FALSE,FALSE,TRUE,pass
patient_087,Heejin,1798,M,NA,47,T,58,N,0,4.84,43.9,15.5,4.75,90.70247934,13.1,132,35,54.7,1.6625,2.59825,Y640F,NA,NA,NA,NA,N,NA,NA,NA,NA,NA,3,NA,Clinic,Y,FALSE,0,pass,pass,47,N,MT,N,NA,NA,245,8.049281314168377,FALSE,FALSE,FALSE,FALSE,FALSE,FALSE,FALSE,FALSE,TRUE,pass
NA,Heejin,1815,F,NA,35,T,33,N,70,4.29,39.7,13.4,7.11,92.5,13.2,204,84.8,8.3,6.03,0.59,WT,NA,NA,NA,NA,N,NA,NA,NA,NA,NA,1,NA,NA,N,FALSE,70,pass,pass,35,N,WT,N,NA,NA,2891,94.98151950718686,FALSE,FALSE,FALSE,FALSE,FALSE,FALSE,FALSE,FALSE,TRUE,pass
NA,Heejin,1822,F,NA,75,GD,NA,NA,198,4.05,33.5,10.4,NA,82.7,52.6,238,NA,95,1.77,NA,WT,NA,NA,NA,NA,Y,NA,CTX,0,0,NE,3,NA,Kit,Y,FALSE,198,pass,cbc_after_treatment_start,75,NA,WT,Y,NA,NA,1,0.032854209,FALSE,FALSE,FALSE,FALSE,FALSE,FALSE,FALSE,FALSE,TRUE,pass
NA,Heejin,1823,M,NA,4,NK,NA,N,0,5.18,NA,13.1,17.2,NA,39.1,144,NA,72,NA,12.3,WT,NA,NA,NA,NA,N,NA,NA,NA,NA,NA,3,NA,NA,N,FALSE,0,pass,pass,4,N,WT,N,NA,NA,3780,124.18891170431212,FALSE,FALSE,FALSE,FALSE,FALSE,FALSE,FALSE,FALSE,TRUE,pass
NA,Heejin,1840,F,NA,44,GD,65,N,0,1.64,13.6,4.6,2.3,83,14,73,64.1,24.6,1.471,0.57,WT,NA,NA,NA,NA,Y,NA,MTX,0,NA,NA,1,NA,NA,N,FALSE,0,pass,pass,44,N,WT,Y,NA,NA,28,0.919917864,FALSE,FALSE,FALSE,FALSE,FALSE,FALSE,FALSE,FALSE,TRUE,pass
patient_038,Heejin,1844,F,NA,60,T,NA,N,189,3.83,38.1,13.3,7.5,99.47780679,12.2,229,26.66666667,65.33333333,2,4.9,WT,NA,NA,NA,NA,N,NA,NA,NA,NA,NA,3,NA,Clinic,Y,FALSE,189,pass,pass,60,N,WT,N,NA,NA,619,20.33675564681725,FALSE,FALSE,FALSE,FALSE,FALSE,FALSE,FALSE,FALSE,TRUE,pass
NA,Heejin,1848,M,NA,37,T,NA,N,245,5.27,45.9,15.2,10,87.1,13,359,51.2,41.2,5.1,4.1,WT,NA,NA,NA,NA,N,NA,NA,NA,NA,NA,3,NA,NA,N,FALSE,245,pass,pass,37,N,WT,N,NA,NA,962,31.60574948665298,FALSE,FALSE,FALSE,FALSE,FALSE,FALSE,FALSE,FALSE,TRUE,pass
NA,Heejin,1872,F,NA,31,T,24,Y,0,4.53,38.1,12.8,3.1,84,13.7,173,25,52,0.8,1.6,Y640F,NA,NA,NA,NA,Y,NA,MTX,39,NA,NA,1,NA,NA,N,FALSE,0,pass,pass,31,Y,MT,Y,NA,NA,1184,38.899383983572896,FALSE,FALSE,FALSE,FALSE,FALSE,FALSE,FALSE,FALSE,TRUE,pass
patient_096,Heejin,1878,F,NA,39,T,41,N,55,4.62,42.3,14.1,3.94,91.55844156,13.8,223,25.9,59.6,1.02046,2.34824,WT,NA,NA,NA,NA,N,NA,NA,NA,NA,NA,1,NA,Clinic,Y,FALSE,55,pass,pass,39,N,WT,N,NA,NA,91,2.9897330595482545,FALSE,FALSE,FALSE,FALSE,FALSE,FALSE,FALSE,FALSE,TRUE,pass
patient_009,Heejin,1895,F,NA,68,T,NA,N,439,4.3,38.3,12.6,8.2,90,13,274,36,54,3,4.4,WT,NA,NA,NA,NA,N,NA,NA,NA,NA,NA,3,NA,Kit,Y,FALSE,439,outside_1_year_window,pass,68,N,WT,N,NA,NA,2806,92.18891170431212,FALSE,FALSE,FALSE,FALSE,FALSE,FALSE,FALSE,FALSE,TRUE,pass
NA,Heejin,1902,M,NA,37,T,38,N,0,5.14,42.5,14.7,3.3,83,12.7,157,48,45,1.584,1.485,WT,NA,NA,NA,NA,N,NA,NA,NA,NA,NA,3,NA,NA,N,FALSE,0,pass,pass,37,N,WT,N,NA,NA,4526,148.69815195071868,FALSE,FALSE,FALSE,FALSE,FALSE,FALSE,FALSE,FALSE,TRUE,pass
NA,Heejin,1905,F,NA,37,T,NA,N,0,NA,36.1,12.4,2.9,88.2,14.7,212,27,61,0.8,1.8,Y640F,NA,NA,NA,NA,N,NA,NA,NA,NA,NA,3,NA,NA,N,FALSE,0,pass,pass,37,N,MT,N,NA,NA,2266,74.44763860369609,FALSE,FALSE,FALSE,FALSE,FALSE,FALSE,FALSE,FALSE,TRUE,pass
patient_052,Heejin,1906,M,NA,55,T,53,N,0,4.4,40,14.1,3.93,90.90909091,13.8,158,19.3,67.2,0.75849,2.64096,WT,NA,NA,NA,NA,N,NA,NA,NA,NA,NA,1,NA,Clinic,Y,FALSE,0,pass,pass,55,N,WT,N,NA,NA,3160,103.81930184804928,FALSE,FALSE,FALSE,FALSE,FALSE,FALSE,FALSE,FALSE,TRUE,pass
patient_064,Heejin,1919,M,NA,51,T,45,N,349,3.98,35.3,11.9,6.06,88.69346734,13.7,249,51.3,35.3,3.10878,2.13918,WT,NA,NA,NA,NA,N,NA,NA,NA,NA,NA,1,NA,Kit,Y,FALSE,349,pass,pass,51,N,WT,N,NA,NA,3414,112.16427104722793,FALSE,FALSE,FALSE,FALSE,FALSE,FALSE,FALSE,FALSE,TRUE,pass
NA,Heejin,1925,M,NA,40,T,58,N,133,4.56,44,15,9.95,96.5,13.9,406,48.1,41.6,4.78,4.14,WT,NA,NA,NA,NA,N,NA,NA,NA,NA,NA,1,NA,NA,N,FALSE,133,pass,pass,40,N,WT,N,NA,NA,2995,98.39835728952772,FALSE,FALSE,FALSE,FALSE,FALSE,FALSE,FALSE,FALSE,TRUE,pass
NA,Heejin,1934,M,NA,36,T,82,N,78,5.13,47.4,15.8,7.41,92.4,14.4,211,11.3,78.3,0.84,5.8,Y640F,NA,NA,NA,NA,N,NA,NA,NA,NA,NA,1,NA,NA,N,FALSE,78,pass,pass,36,N,MT,N,NA,NA,3356,110.25872689938399,FALSE,FALSE,FALSE,FALSE,FALSE,FALSE,FALSE,FALSE,TRUE,pass
NA,Heejin,1939,M,NA,28,T,dim,N,-6,2.94,28.6,9.8,8.14,97,14.9,109,NA,89,NA,7.24,Y640F,NA,NA,NA,NA,Y,NA,MTX,11,NA,UNK,3,NA,NA,N,TRUE,-6,pass,pass,28,N,MT,Y,NA,NA,394,12.944558521560575,FALSE,FALSE,FALSE,FALSE,FALSE,FALSE,FALSE,FALSE,TRUE,pass
NA,Heejin,1941,M,NA,48,NK,NA,N,0,4.89,42.1,14.5,2.64,86.1,13.6,287,24.2,66.3,0.64,1.75,WT,NA,NA,NA,NA,Y,NA,MTX,0,NA,NA,3,NA,Kit,Y,FALSE,0,pass,cbc_after_treatment_start,48,N,WT,Y,NA,NA,-956,-31.40862423,FALSE,FALSE,FALSE,FALSE,FALSE,FALSE,FALSE,TRUE,FALSE,negative_time
patient_068,Heejin,1942,F,NA,27,T,43,N,630,5.02,43,14.4,3,85.65737052,13.2,319,34,60,1.02,1.8,WT,NA,NA,NA,NA,N,NA,NA,NA,NA,NA,1,NA,Kit,Y,FALSE,630,outside_1_year_window,pass,27,N,WT,N,NA,NA,8,0.26283367556468173,FALSE,FALSE,FALSE,FALSE,FALSE,FALSE,FALSE,FALSE,TRUE,pass
patient_060,Heejin,1945,F,NA,63,T,65,N,275,2.85,30.7,10.5,5.6,107.7192982,NA,216,14,82,0.784,4.592,WT,NA,NA,NA,NA,Y,NA,MTX,69,NA,NA,3,NA,Kit,Y,FALSE,275,pass,pass,63,N,WT,Y,NA,NA,2113,69.42094455852155,FALSE,FALSE,FALSE,FALSE,FALSE,FALSE,FALSE,FALSE,TRUE,pass
NA,Heejin,1946,F,NA,35,T,57,N,-1,2.3,24.9,8.3,4,108.2,20.2,155,22.5,72.5,0.9,2.9,WT,NA,NA,NA,NA,Y,Neutropenia,MTX,0,2,UNK,1,NA,NA,N,TRUE,-1,pass,pass,35,N,WT,Y,NA,NA,15,0.4928131416837782,FALSE,FALSE,FALSE,FALSE,FALSE,FALSE,FALSE,FALSE,TRUE,pass
NA,Heejin,1954,M,NA,40,T,31,N,516,5.4,47,15.7,8.46,87,13.6,254,61.7,31.3,5.22,2.65,WT,NA,NA,NA,NA,N,NA,NA,NA,NA,NA,3,NA,NA,N,FALSE,516,outside_1_year_window,pass,40,N,WT,N,NA,NA,1674,54.997946611909654,FALSE,FALSE,FALSE,FALSE,FALSE,FALSE,FALSE,FALSE,TRUE,pass
patient_040,Heejin,1955,F,NA,71,T,72,N,0,4.82,42.9,14.1,8.92,89.00414938,14.9,37,30.8,53.5,2.74736,4.7722,WT,NA,NA,NA,NA,N,NA,NA,NA,NA,NA,1,NA,Clinic,Y,FALSE,0,pass,pass,71,N,WT,N,NA,NA,2744,90.15195071868582,FALSE,FALSE,FALSE,FALSE,FALSE,FALSE,FALSE,FALSE,TRUE,pass
NA,Heejin,1960,M,NA,58,GD,55,N,81,NA,NA,9.1,6.3,NA,NA,193,27,65.1,1.7,4.1,WT,NA,NA,NA,NA,Y,NA,MTX,34,NA,NA,1,NA,Clinic,Y,FALSE,81,pass,pass,58,N,WT,Y,NA,NA,1035,34.00410678,FALSE,FALSE,FALSE,FALSE,FALSE,FALSE,FALSE,FALSE,TRUE,pass
NA,Heejin,1961,M,NA,17,T,25,N,25,4.1,33.9,11.5,3.55,82.7,15.1,82,25.4,62.5,0.9,2.22,WT,NA,NA,NA,NA,Y,NA,CTX,1,NA,NA,3,NA,NA,N,FALSE,25,pass,pass,17,N,WT,Y,NA,NA,36,1.1827515400410678,FALSE,FALSE,FALSE,FALSE,FALSE,FALSE,FALSE,FALSE,TRUE,pass
patient_057,Heejin,1970,F,NA,74,T,85,N,103,2.97,28.5,9.8,9.8,102.2,17.1,294,8.7,84.5,0.9,8.3,N647I,NA,NA,NA,NA,Y,NA,MTX,52,NA,NA,1,NA,Kit,Y,FALSE,103,pass,pass,74,N,MT,Y,NA,NA,839,27.564681724845997,FALSE,FALSE,FALSE,FALSE,FALSE,FALSE,FALSE,FALSE,TRUE,pass
NA,Heejin,1971,F,NA,19,GD,15,N,0,2.59,28.4,9.3,4.5,109.7,17,240,9,83,0.4,3.8,D661Y,NA,NA,NA,NA,N,NA,NA,NA,NA,NA,1,NA,NA,N,FALSE,0,pass,pass,19,N,MT,N,NA,NA,5568,182.9322381930185,FALSE,FALSE,FALSE,FALSE,FALSE,FALSE,FALSE,FALSE,TRUE,pass
patient_075,Heejin,1973,M,NA,58,T,NA,N,41,3.03,32.9,10.7,13.67,108.5808581,16,248,6.6,88.7,0.90222,12.12529,WT,NA,NA,NA,NA,Y,NA,MTX,42,NA,NA,1,NA,Kit,Y,FALSE,41,pass,pass,58,N,WT,Y,NA,NA,1368,44.94455852156057,FALSE,FALSE,FALSE,FALSE,FALSE,FALSE,FALSE,FALSE,TRUE,pass
patient_006,Heejin,1974,M,NA,32,T,NA,NA,277,2.1,21,7.6,8,102,16.9,273,3,90,NA,NA,N647I,NA,NA,NA,NA,Y,NA,MTX,0,NA,NA,3,NA,Kit,Y,FALSE,277,pass,cbc_after_treatment_start,32,NA,MT,Y,NA,NA,20,0.6570841889117043,FALSE,FALSE,FALSE,FALSE,FALSE,FALSE,FALSE,FALSE,TRUE,pass
NA,Heejin,1978,M,NA,34,NK,NA,Y,76,4.27,36.8,12.3,14.6,86,16.1,212,10.2,59.2,1.5,8.65,WT,NA,NA,NA,NA,N,NA,NA,NA,NA,NA,3,NA,NA,N,FALSE,76,pass,pass,34,Y,WT,N,NA,NA,169,5.552361396303901,FALSE,FALSE,FALSE,FALSE,FALSE,FALSE,FALSE,FALSE,TRUE,pass
NA,Heejin,1979,F,NA,42,T,30,N,0,4.53,43.6,14.8,13.95,96.2,14.5,211,69.6,16.5,9.71,2.3,WT,NA,NA,NA,NA,N,NA,NA,NA,NA,NA,1,NA,NA,N,FALSE,0,pass,pass,42,N,WT,N,NA,NA,3166,104.0164271047228,FALSE,FALSE,FALSE,FALSE,FALSE,FALSE,FALSE,FALSE,TRUE,pass
NA,Heejin,1983,M,NA,30,T,80,N,0,3.53,32.2,10.8,12.8,91,15.6,151,10,87,1.3,11.1,Y640F,NA,NA,NA,NA,Y,NA,MTX,60,NA,NA,1,NA,NA,N,FALSE,0,pass,treated_but_missing_tx1_start_date,30,N,MT,Y,NA,NA,2009,66.00410677618069,FALSE,FALSE,FALSE,FALSE,FALSE,FALSE,FALSE,FALSE,TRUE,pass
NA,Heejin,1984,F,NA,63,NK,NA,N,45,4.01,35.1,11.9,6.35,87.53117207,13.3,182,21.3,67.7,1.35255,4.29895,WT,NA,NA,NA,NA,N,NA,NA,NA,NA,NA,3,NA,Kit,Y,FALSE,45,pass,pass,63,N,WT,N,NA,NA,884,29.04312114989733,FALSE,FALSE,FALSE,FALSE,FALSE,FALSE,FALSE,FALSE,TRUE,pass
patient_081,Heejin,1985,M,NA,56,T,47,N,0,4.33,38.5,13.3,3.24,88.9,13.6,204,27.1,51.9,0.88,1.68,Y640F,NA,NA,NA,NA,Y,NA,MTX,9,NA,NA,1,NA,Kit,Y,FALSE,0,pass,pass,56,N,MT,Y,NA,NA,296,9.724845995893224,FALSE,FALSE,FALSE,FALSE,FALSE,FALSE,FALSE,FALSE,TRUE,pass
NA,Heejin,1998,M,NA,35,T,44,N,54,3.79,35.4,11.6,3.95,93.4,12.9,183,43.5,47.6,1.72,1.88,WT,NA,NA,NA,NA,N,NA,NA,NA,NA,NA,1,NA,NA,N,FALSE,54,pass,pass,35,N,WT,N,NA,NA,3136,103.03080082135524,FALSE,FALSE,FALSE,FALSE,FALSE,FALSE,FALSE,FALSE,TRUE,pass
patient_092,Heejin,1999,M,NA,63,T,NA,N,0,4.8,43.1,14.7,14.64,90.7,12.8,380,27.4,61.9,4,9.1,WT,NA,NA,NA,NA,N,NA,NA,NA,NA,NA,3,NA,Kit,Y,FALSE,0,pass,pass,63,N,WT,N,NA,NA,2157,70.86652977412732,FALSE,FALSE,FALSE,FALSE,FALSE,FALSE,FALSE,FALSE,TRUE,pass
NA,Heejin,2002,M,NA,40,T,61,N,-5,4.24,39.4,13.5,4.7,92.9,14.7,150,35.3,44.9,1.7,2.1,N647I,NA,NA,NA,NA,N,NA,NA,NA,NA,NA,1,NA,NA,N,TRUE,-5,pass,pass,40,N,MT,N,NA,NA,3634,119.39219712525667,FALSE,FALSE,FALSE,FALSE,FALSE,FALSE,FALSE,FALSE,TRUE,pass
NA,Heejin,2003,M,NA,19,NK,4,N,0,4.85,41.3,13.3,4.71,85.2,15,164,7.3,84.1,0.34,3.96,Y640F,NA,NA,NA,NA,Y,Neutropenia,CTX,6,11,UNK,3,NA,NA,N,FALSE,0,pass,pass,19,N,MT,Y,NA,NA,252,8.279260780287474,FALSE,FALSE,FALSE,FALSE,FALSE,FALSE,FALSE,FALSE,TRUE,pass
NA,Heejin,2008,M,NA,44,T,37,N,0,4.85,42.4,13.9,3.39,87.4,14.3,166,38,49,1.29,1.66,WT,NA,NA,NA,NA,N,NA,NA,NA,NA,NA,1,NA,NA,N,FALSE,0,pass,pass,44,N,WT,N,NA,NA,2660,87.39219712525667,FALSE,FALSE,FALSE,FALSE,FALSE,FALSE,FALSE,FALSE,TRUE,pass
patient_020,Heejin,2009,F,NA,60,T,74,N,18,5.03,41.6,14.1,6.85,82.8,14.2,278,51,40,NA,NA,WT,NA,NA,NA,NA,Y,NA,MTX,10,NA,NA,1,NA,Clinic,Y,FALSE,18,pass,treated_but_missing_tx1_start_date,60,N,WT,Y,NA,NA,306,10.053388090349076,FALSE,FALSE,FALSE,FALSE,FALSE,FALSE,FALSE,FALSE,TRUE,pass
NA,Heejin,2011,M,NA,24,NK,27,N,348,3.58,33.3,10.7,3.93,93,20.3,178,8.3,81.7,0.33,3.21,WT,NA,NA,NA,NA,Y,Neutropenia,MTX,1,11,UNK,3,NA,NA,N,FALSE,348,pass,cbc_after_treatment_start,24,N,WT,Y,NA,NA,28,0.919917864,FALSE,FALSE,FALSE,FALSE,FALSE,FALSE,FALSE,FALSE,TRUE,pass
NA,Heejin,2012,M,NA,71,NK,5,N,56,2.62,26.6,9.1,6.41,101.5267176,16.5,223,25.7,50.5,1.64737,3.23705,D661Y,NA,NA,NA,NA,Y,NA,CTX,4,NA,NA,3,NA,Clinic,Y,FALSE,56,pass,treated_but_missing_tx1_start_date,71,N,MT,Y,NA,NA,91,2.9897330595482545,FALSE,FALSE,FALSE,FALSE,FALSE,FALSE,FALSE,FALSE,TRUE,pass
NA,Heejin,2014,F,NA,26,T,56,N,0,1.75,21.9,7.4,2.99,125.1,65.7,301,64.6,29.4,1.93,0.88,WT,NA,NA,NA,NA,Y,NA,MTX,0,4,UNK,1,NA,NA,N,FALSE,0,pass,treated_but_missing_tx1_start_date,26,N,WT,Y,NA,NA,-1177,-38.66940452,FALSE,FALSE,FALSE,FALSE,FALSE,FALSE,FALSE,TRUE,FALSE,negative_time
NA,Heejin,2017,F,NA,42,T,64,N,56,4.71,41.2,13.6,3.44,87.5,13.8,179,66,20.6,2.27,0.71,Y640F,NA,NA,NA,NA,Y,NA,MTX,4,NA,NA,1,NA,NA,N,FALSE,56,pass,pass,42,N,MT,Y,NA,NA,114,3.7453798767967146,FALSE,FALSE,FALSE,FALSE,FALSE,FALSE,FALSE,FALSE,TRUE,pass
patient_024,Heejin,2020,M,NA,31,T,10.5,N,0,4.87,41.1,13.9,4.15,84.4,13.8,159,1,76,0.04,3.15,Y640F,NA,NA,NA,NA,Y,NA,CSA,0,NA,NA,1,NA,Clinic,Y,FALSE,0,pass,treated_but_missing_tx1_start_date,31,N,MT,Y,NA,NA,-4049,-133.026694,FALSE,FALSE,FALSE,FALSE,FALSE,FALSE,FALSE,TRUE,FALSE,negative_time
patient_048,Heejin,2024,F,NA,63,T,NA,NA,-56,NA,42.5,12.9,10.1,89,NA,254,27,63,NA,NA,WT,NA,NA,NA,NA,NA,NA,NA,NA,NA,NA,3,NA,Kit,Y,TRUE,-56,pass,missing_or_unclear_ever_tx,63,NA,WT,NA,NA,NA,NA,NA,FALSE,FALSE,FALSE,TRUE,NA,NA,FALSE,FALSE,FALSE,Ever_Tx_unclear
NA,Heejin,2028,F,NA,42,GD,14,N,-50,NA,NA,10.2,2.9,85,NA,105,44.8,41,NA,NA,WT,NA,NA,NA,NA,Y,NA,MTX,0,NA,NA,2,10/24/20,NA,N,TRUE,-50,pass,treated_but_missing_tx1_start_date,42,N,WT,Y,10/24/20,10/24/20,6,0.1971252566735113,FALSE,FALSE,FALSE,FALSE,FALSE,FALSE,FALSE,FALSE,TRUE,pass
patient_094,Heejin,2029,M,NA,68,T,82,N,91,3.03,32.9,10.9,7.11,108.5808581,14.5,186,8.2,79.1,0.58302,5.62401,WT,NA,NA,NA,NA,N,NA,NA,NA,NA,NA,1,NA,Clinic,Y,FALSE,91,pass,pass,68,N,WT,N,NA,NA,2962,97.31416838,FALSE,FALSE,FALSE,FALSE,FALSE,FALSE,FALSE,FALSE,TRUE,pass
patient_039,Heejin,2037,F,NA,40,T,56,N,0,3.66,NA,11.7,5.2,91.3,14.3,190,8,48,0.42,2.5,Y640F,NA,NA,NA,NA,Y,NA,MTX,86,NA,NA,1,NA,Kit,Y,FALSE,0,pass,pass,40,N,MT,Y,NA,NA,2616,85.94661190965093,FALSE,FALSE,FALSE,FALSE,FALSE,FALSE,FALSE,FALSE,TRUE,pass
NA,Heejin,2038,F,NA,37,T,55,N,90,3.22,32,10.9,7.88,99.4,12.7,118,44.5,48.9,3.51,3.85,WT,NA,NA,NA,NA,N,NA,NA,NA,NA,NA,1,NA,NA,N,FALSE,90,pass,pass,37,N,WT,N,NA,NA,2764,90.80903490759754,FALSE,FALSE,FALSE,FALSE,FALSE,FALSE,FALSE,FALSE,TRUE,pass
patient_029,Heejin,2042,M,NA,74,T,70,NA,26,5.14,44.4,15.3,6.59,86.38132296,13.9,45,27.2,53.6,1.79248,3.53224,Y640F,NA,NA,NA,NA,N,NA,NA,NA,NA,NA,1,NA,Clinic,Y,FALSE,26,pass,pass,74,NA,MT,N,NA,NA,2346,77.07597535934292,FALSE,FALSE,FALSE,FALSE,FALSE,FALSE,FALSE,FALSE,TRUE,pass
patient_053,Heejin,2049,F,NA,55,T,46,N,0,4.17,35.7,12.1,3.8,85.5,13.8,310,32.8,55.9,1.3,2.1,Y640F,NA,NA,NA,NA,N,NA,NA,NA,NA,NA,3,NA,Kit,Y,FALSE,0,pass,pass,55,N,MT,N,NA,NA,1507,49.51129363449692,FALSE,FALSE,FALSE,FALSE,FALSE,FALSE,FALSE,FALSE,TRUE,pass
patient_041,Heejin,2050,F,NA,49,T,79,N,0,4.51,39.4,13.8,4.28,87.36141907,13.2,196,5.4,85.3,0.23112,3.65084,WT,NA,NA,NA,NA,N,NA,NA,0,NA,NA,1,NA,Clinic,Y,FALSE,0,pass,pass,49,N,WT,N,NA,NA,165,5.420944558521561,FALSE,FALSE,FALSE,FALSE,FALSE,FALSE,FALSE,FALSE,TRUE,pass
patient_042,Heejin,2051,F,NA,70,T,84,N,0,2.49,27.6,9.4,7.97,110.8433735,14.2,305,26.8,68.7,2.13596,5.47539,D661Y,NA,NA,NA,NA,N,NA,NA,UNK,NA,NA,1,NA,Clinic,Y,FALSE,0,pass,pass,70,N,MT,N,NA,NA,1886,61.96303901437371,FALSE,FALSE,FALSE,FALSE,FALSE,FALSE,FALSE,FALSE,TRUE,pass
NA,Heejin,2053,M,NA,39,GD,NA,N,82,4.64,45,14.8,5.3,98,NA,376,NA,NA,3.47,0.83,WT,NA,NA,NA,NA,Y,Neutropenia,MTX,0,3,UNK,3,NA,NA,N,FALSE,82,pass,cbc_after_treatment_start,39,N,WT,Y,NA,NA,4,0.13141683778234087,FALSE,FALSE,FALSE,FALSE,FALSE,FALSE,FALSE,FALSE,TRUE,pass
NA,Heejin,2059,F,NA,45,T,77,Y,266,2.65,26.9,8.7,4.4,101.5,17.6,82,85.8,9.5,3.77,0.42,WT,NA,NA,NA,NA,Y,NA,MTX,0,NA,NA,1,NA,NA,N,FALSE,266,pass,cbc_after_treatment_start,45,Y,WT,Y,NA,NA,-63,-2.069815195,FALSE,FALSE,FALSE,FALSE,FALSE,FALSE,FALSE,TRUE,FALSE,negative_time
NA,Heejin,2064,M,NA,18,GD,39,N,0,4,39.9,12.8,10.41,99.8,18.2,306,79.8,9.7,8.31,1.01,WT,NA,NA,NA,NA,Y,NA,MTX,70,NA,NA,1,NA,NA,N,FALSE,0,pass,pass,18,N,WT,Y,NA,NA,2135,70.14373716632444,FALSE,FALSE,FALSE,FALSE,FALSE,FALSE,FALSE,FALSE,TRUE,pass
NA,Heejin,2069,M,NA,82,NK,14,N,16,2.39,26.3,9,6.2,110.041841,22,166,72,18,4.464,1.116,WT,NA,NA,NA,NA,Y,NA,CTX,0,0,CR,3,NA,Kit,Y,FALSE,16,pass,cbc_after_treatment_start,82,N,WT,Y,NA,NA,9,0.29568788501026694,FALSE,FALSE,FALSE,FALSE,FALSE,FALSE,FALSE,FALSE,TRUE,pass
patient_066,Heejin,2074,F,NA,57,T,66,N,137,4.18,36.9,12.4,5.67,88.27751196,14.2,235,16.7,73.9,0.94689,4.19013,Y640F,NA,NA,NA,NA,Y,NA,MTX,4,NA,NA,1,NA,Clinic,Y,FALSE,137,pass,pass,57,N,MT,Y,NA,NA,144,4.731006160164271,FALSE,FALSE,FALSE,FALSE,FALSE,FALSE,FALSE,FALSE,TRUE,pass
patient_033,Heejin,2077,F,NA,13,T,82,N,13,5.6,40,12.4,3.1,71.42857143,15.4,261,16,80,0.496,2.48,N647I,NA,NA,NA,NA,Y,NA,MTX,0,0,NE,1,NA,Kit,Y,FALSE,13,pass,cbc_after_treatment_start,13,N,MT,Y,NA,NA,7,0.2299794661190965,FALSE,FALSE,FALSE,FALSE,FALSE,FALSE,FALSE,FALSE,TRUE,pass
NA,Heejin,2079,M,NA,59,NK,22,N,20,NA,NA,7.9,3.1,88,NA,850,19.4,71,0.6,2.2,WT,NA,NA,NA,NA,Y,NA,MTX,0,24,CR/CMR,3,NA,Clinic,Y,FALSE,20,pass,pass,59,N,WT,Y,NA,NA,35,1.1498973305954825,FALSE,FALSE,FALSE,FALSE,FALSE,FALSE,FALSE,FALSE,TRUE,pass
NA,Heejin,2080,M,NA,48,GD,70,N,33,5,41.8,14.3,3.43,83.6,12.8,145,36.5,46.9,1.25195,1.60867,WT,NA,NA,NA,NA,N,NA,NA,NA,NA,NA,1,NA,Clinic,Y,FALSE,33,pass,pass,48,N,WT,N,NA,NA,942,30.94866529774127,FALSE,FALSE,FALSE,FALSE,FALSE,FALSE,FALSE,FALSE,TRUE,pass
patient_023,Heejin,2081,M,NA,46,T,73,N,172,2.35,24.3,8,2.72,103.4042553,21,347,30.5,58.8,0.8296,1.59936,H410R,NA,NA,NA,NA,Y,NA,CSA,0,5,NR,1,NA,Clinic,Y,FALSE,172,pass,cbc_after_treatment_start,46,N,MT,Y,NA,NA,10,0.32854209445585214,FALSE,FALSE,FALSE,FALSE,FALSE,FALSE,FALSE,FALSE,TRUE,pass
patient_050,Heejin,2082,M,NA,66,T,78,N,42,4.48,42.8,14.5,11.06,95.53571429,12.9,275,36.5,38.3,4.0369,4.23598,Y640F,NA,NA,NA,NA,N,NA,NA,NA,NA,NA,1,NA,Clinic,Y,FALSE,42,pass,pass,66,N,MT,N,NA,NA,2842,93.37166324435319,FALSE,FALSE,FALSE,FALSE,FALSE,FALSE,FALSE,FALSE,TRUE,pass
NA,Heejin,2083,M,NA,65,GD,44,NA,119,4.63,42.5,15.2,2.99,91.79265659,13.3,134,61.2,22.7,1.82988,0.67873,WT,NA,NA,NA,NA,N,NA,NA,NA,NA,NA,2,7/17/24,Clinic,Y,FALSE,119,pass,pass,65,NA,WT,N,7/17/24,7/17/24,2911,95.63860369609856,FALSE,FALSE,FALSE,FALSE,FALSE,FALSE,FALSE,FALSE,TRUE,pass
NA,Heejin,2089,M,NA,33,T,64,N,207,4.45,40,14,3.67,89.9,12.4,143,31.3,57.5,1.15,2.11,WT,NA,NA,NA,NA,N,NA,MTX,NA,NA,NA,1,NA,NA,N,FALSE,207,pass,pass,33,N,WT,N,NA,NA,2536,83.31827515400411,FALSE,FALSE,FALSE,FALSE,FALSE,FALSE,FALSE,FALSE,TRUE,pass
NA,Heejin,2090,F,NA,54,GD,NA,Y,-14,4.04,37.5,12.9,11.8,92.8,14.5,152,5.4,87.3,0.63,10.27,K658_I659delinsNL,NA,NA,NA,NA,Y,NA,MTX,0,0,PR,1,NA,Kit,Y,TRUE,-14,pass,treated_but_missing_tx1_start_date,54,Y,MT,Y,NA,NA,-4247,-139.5318275,FALSE,FALSE,FALSE,FALSE,FALSE,FALSE,FALSE,TRUE,FALSE,negative_time
NA,Heejin,2094,F,NA,38,T,29,N,15,NA,NA,11.8,2.6,NA,NA,174,NA,NA,0.3,NA,WT,NA,NA,NA,NA,Y,NA,MTX,0,NA,NA,1,NA,NA,N,FALSE,15,pass,treated_but_missing_tx1_start_date,38,N,WT,Y,NA,NA,-1802,-59.20328542,FALSE,FALSE,FALSE,FALSE,FALSE,FALSE,FALSE,TRUE,FALSE,negative_time
patient_061,Heejin,2095,M,NA,64,T,56,Y,0,4.44,40.8,14.1,3.25,91.89189189,15.7,163,19.4,58.8,0.6305,1.911,Y640F,NA,NA,NA,NA,Y,NA,NA,0,NA,NA,1,NA,Clinic,Y,FALSE,0,pass,treated_but_missing_tx1_start_date,64,Y,MT,Y,NA,NA,-3255,-106.9404517,FALSE,FALSE,FALSE,FALSE,FALSE,FALSE,FALSE,TRUE,FALSE,negative_time
patient_017,Heejin,2098,F,NA,41,T,71,N,35,4.28,39.5,13.5,8.28,92.28971963,12.3,314,49.5,43.1,4.0986,3.56868,WT,NA,NA,NA,NA,N,NA,NA,NA,NA,NA,1,NA,Clinic,Y,FALSE,35,pass,pass,41,N,WT,N,NA,NA,2455,80.65708418891171,FALSE,FALSE,FALSE,FALSE,FALSE,FALSE,FALSE,FALSE,TRUE,pass
patient_036,Heejin,2103,F,NA,52,T,68,N,0,4.51,40.9,13.9,4.63,90.68736142,13.4,208,29.7,59.8,1.37511,2.76874,Y640F,NA,NA,NA,NA,N,NA,NA,NA,NA,NA,1,NA,Clinic,Y,FALSE,0,pass,pass,52,N,MT,N,NA,NA,2341,76.91170431211499,FALSE,FALSE,FALSE,FALSE,FALSE,FALSE,FALSE,FALSE,TRUE,pass
patient_015,Heejin,2105,F,NA,56,T,50,N,0,4.43,41.3,13.7,2.67,93.22799097,12.5,162,40.4,50.9,1.07868,1.35903,Y640F,NA,NA,NA,NA,N,NA,NA,NA,NA,NA,1,NA,Clinic,Y,FALSE,0,pass,pass,56,N,MT,N,NA,NA,2365,77.70020533880904,FALSE,FALSE,FALSE,FALSE,FALSE,FALSE,FALSE,FALSE,TRUE,pass
patient_013,Heejin,2107,F,NA,60,T,21.2,N,727,NA,24.8,8.5,0.4,106.3,NA,82,NA,NA,NA,NA,WT,NA,NA,NA,NA,Y,NA,MTX,0,NA,NA,1,NA,Kit,Y,FALSE,727,outside_1_year_window,cbc_after_treatment_start,60,N,WT,Y,NA,NA,9,0.29568788501026694,FALSE,FALSE,FALSE,FALSE,FALSE,FALSE,FALSE,FALSE,TRUE,pass
patient_073,Heejin,2108,M,NA,50,T,42,N,124,4.08,42,14.1,5.22,102.9411765,14.3,223,60.2,28.5,3.14244,1.4877,D661V,NA,NA,NA,NA,Y,NA,CTX,0,3,NE,1,NA,Clinic,Y,FALSE,124,pass,cbc_after_treatment_start,50,N,MT,Y,NA,NA,19,0.6242299794661191,FALSE,FALSE,FALSE,FALSE,FALSE,FALSE,FALSE,FALSE,TRUE,pass
patient_085,Heejin,2110,F,NA,32,T,73,N,11,3.88,31.8,10.2,3.1,82,16.8,223,3,71,0.093,2.2,Q160P,NA,NA,NA,NA,Y,NA,MTX,21,NA,NA,1,NA,Clinic,Y,FALSE,11,pass,pass,32,N,MT,Y,NA,NA,624,20.501026694045173,FALSE,FALSE,FALSE,FALSE,FALSE,FALSE,FALSE,FALSE,TRUE,pass
NA,Heejin,2112,F,NA,69,NK,6,N,0,4.87,42.1,14.5,8,86.4476386,12.8,284,49.8,41.9,3.984,3.352,WT,NA,NA,NA,NA,N,NA,NA,NA,NA,NA,3,NA,Clinic,Y,FALSE,0,pass,pass,69,N,WT,N,NA,NA,2555,83.94250513347022,FALSE,FALSE,FALSE,FALSE,FALSE,FALSE,FALSE,FALSE,TRUE,pass
NA,Heejin,2116,F,NA,76,GD,70,N,-252,3.06,31.4,10.2,8.75,102.6,25.6,236,42.1,54.4,3.68,4.76,WT,NA,NA,NA,NA,Y,NA,MTX,NA,NA,NA,1,NA,Clinic,Y,TRUE,-252,pass,treated_but_missing_tx1_start_date,76,N,WT,Y,NA,NA,NA,NA,FALSE,FALSE,FALSE,FALSE,TRUE,FALSE,FALSE,FALSE,FALSE,treated_missing_Tx1_start_date
patient_021,Heejin,2118,M,NA,25,T,44,N,132,5.13,44.2,16,3.39,86.15984405,11.8,278,43.4,46.6,1.47126,1.57974,WT,NA,NA,NA,NA,N,NA,NA,NA,NA,NA,1,NA,Clinic,Y,FALSE,132,pass,pass,25,N,WT,N,NA,NA,2659,87.35934291581108,FALSE,FALSE,FALSE,FALSE,FALSE,FALSE,FALSE,FALSE,TRUE,pass
patient_046,Heejin,2119,F,NA,69,T,83,N,0,3.06,31.7,10.4,3.27,103.5947712,15.4,54,13.2,79.5,0.43164,2.59965,WT,NA,NA,NA,NA,Y,NA,CSA,0,NA,NA,1,NA,Clinic,Y,FALSE,0,pass,treated_but_missing_tx1_start_date,69,N,WT,Y,NA,NA,-7005,-230.1437372,FALSE,FALSE,FALSE,FALSE,FALSE,FALSE,FALSE,TRUE,FALSE,negative_time
patient_071,Heejin,2120,M,NA,70,T,72,N,-16,3.92,38.5,13.2,6.5,98.2,15,212,21,72,NA,NA,WT,NA,NA,NA,NA,Y,NA,CSA,49,NA,NA,1,NA,Clinic,Y,TRUE,-16,pass,pass,70,N,WT,Y,NA,NA,1511,49.64271047227926,FALSE,FALSE,FALSE,FALSE,FALSE,FALSE,FALSE,FALSE,TRUE,pass
patient_056,Heejin,2122,M,NA,71,T,44,N,43,4.24,39,13.9,3.39,91.98113208,13.6,124,26.9,51.3,0.91191,1.73907,WT,NA,NA,NA,NA,N,NA,NA,NA,NA,NA,1,NA,Clinic,Y,FALSE,43,pass,pass,71,N,WT,N,NA,NA,1689,55.49075975359343,FALSE,FALSE,FALSE,FALSE,FALSE,FALSE,FALSE,FALSE,TRUE,pass
patient_002,Heejin,2125,F,NA,70,T,66,N,60,3.9,35.3,11.8,7.74,90.51282051,14,197,37.4,54.1,2.89476,4.18734,WT,NA,NA,NA,NA,N,NA,NA,NA,NA,NA,1,NA,Clinic,Y,FALSE,60,pass,pass,70,N,WT,N,NA,NA,2806,92.18891170431212,FALSE,FALSE,FALSE,FALSE,FALSE,FALSE,FALSE,FALSE,TRUE,pass
patient_062,Heejin,2127,F,NA,52,T,NA,NA,267,4.76,41.7,13.6,26.8,87.60504202,NA,181,4,95,1.072,25.46,Y640F,NA,NA,NA,NA,NA,NA,NA,NA,NA,NA,3,NA,Kit,Y,FALSE,267,pass,missing_or_unclear_ever_tx,52,NA,MT,NA,NA,NA,NA,NA,FALSE,FALSE,FALSE,TRUE,NA,NA,FALSE,FALSE,FALSE,Ever_Tx_unclear
NA,Heejin,2128,M,NA,27,T,35,N,0,4.41,34.7,11.6,1.36,78.7,14.3,208,11.5,46.9,0.16,0.64,WT,NA,NA,NA,NA,Y,"Neutropenia, Anemia",CSA,0,3,UNK,1,NA,NA,N,FALSE,0,pass,treated_but_missing_tx1_start_date,27,N,WT,Y,NA,NA,-2407,-79.08008214,FALSE,FALSE,FALSE,FALSE,FALSE,FALSE,FALSE,TRUE,FALSE,negative_time
NA,Heejin,2130,M,NA,39,T,35,N,59,4.19,37.8,13.3,2.1,90.2,13.2,170,NA,35.7,NA,0.8,WT,NA,NA,NA,NA,Y,NA,MTX,0,NA,NA,1,NA,NA,N,FALSE,59,pass,treated_but_missing_tx1_start_date,39,N,WT,Y,NA,NA,-193,-6.340862423,FALSE,FALSE,FALSE,FALSE,FALSE,FALSE,FALSE,TRUE,FALSE,negative_time
NA,Heejin,2132,M,NA,31,T,53,N,-10,NA,NA,13.9,5.9,NA,NA,134,NA,NA,0.6,NA,N647I,NA,NA,NA,NA,N,NA,NA,NA,NA,NA,1,NA,NA,N,TRUE,-10,pass,pass,31,N,MT,N,NA,NA,4556,149.68377823408625,FALSE,FALSE,FALSE,FALSE,FALSE,FALSE,FALSE,FALSE,TRUE,pass
patient_003,Heejin,2135,F,NA,67,T,81,N,7,4.48,39.5,13.2,5.8,88.16964286,14.1,167,19.5,4.24,1.131,0.24592,WT,NA,NA,NA,NA,Y,NA,MTX,0,12,NE,1,NA,Clinic,Y,FALSE,7,pass,treated_but_missing_tx1_start_date,67,N,WT,Y,NA,NA,-4139,-135.9835729,FALSE,FALSE,FALSE,FALSE,FALSE,FALSE,FALSE,TRUE,FALSE,negative_time
NA,Heejin,2136,M,NA,34,T,29,N,225,4.29,40.5,13.9,2.12,94.4,15,72,41.5,43.4,0.88,0.92,WT,NA,NA,NA,NA,Y,Neutropenia,MTX,1,6,UNK,1,NA,NA,N,FALSE,225,pass,treated_but_missing_tx1_start_date,34,N,WT,Y,NA,NA,43,1.4127310061601643,FALSE,FALSE,FALSE,FALSE,FALSE,FALSE,FALSE,FALSE,TRUE,pass
NA,Heejin,2137,F,NA,38,T,28,N,144,5.04,40.6,13.7,7.21,80.6,14.6,303,61.5,26.6,4.43,1.92,WT,NA,NA,NA,NA,N,NA,NA,NA,NA,NA,1,NA,NA,N,FALSE,144,pass,pass,38,N,WT,N,NA,NA,2680,88.04928131416838,FALSE,FALSE,FALSE,FALSE,FALSE,FALSE,FALSE,FALSE,TRUE,pass
patient_011,Heejin,2139,F,NA,60,T,71,N,69,4.44,41.3,14,3.79,93.01801802,15,173,25.3,63.6,0.95887,2.41044,D661V,NA,NA,NA,NA,Y,NA,MTX,0,1,NE,1,NA,Clinic,Y,FALSE,69,pass,cbc_after_treatment_start,60,N,MT,Y,NA,NA,35,1.1498973305954825,FALSE,FALSE,FALSE,FALSE,FALSE,FALSE,FALSE,FALSE,TRUE,pass
patient_079,Heejin,2143,M,NA,49,T,54,N,202,3.4,33.7,11.6,2.95,99.11764706,15.5,188,31.1,53.6,0.91745,1.5812,WT,NA,NA,NA,NA,N,NA,NA,NA,NA,NA,1,NA,Clinic,Y,FALSE,202,pass,pass,49,N,WT,N,NA,NA,2527,83.02258726899385,FALSE,FALSE,FALSE,FALSE,FALSE,FALSE,FALSE,FALSE,TRUE,pass
patient_019,Heejin,2144,M,NA,65,T,96,N,168,2.72,28.8,9.8,11.56,105.8823529,16.5,219,9.5,85.6,1.0982,9.89536,N647I,NA,NA,NA,NA,Y,NA,MTX,11,NA,NA,1,NA,Clinic,Y,FALSE,168,pass,treated_but_missing_tx1_start_date,65,N,MT,Y,NA,NA,337,11.071868583162217,FALSE,FALSE,FALSE,FALSE,FALSE,FALSE,FALSE,FALSE,TRUE,pass
patient_054,Heejin,2145,M,NA,64,T,71,N,244,4.62,40.3,13.9,6.98,87.22943723,14.7,117,26.9,64.9,1.87762,4.53002,WT,NA,NA,NA,NA,N,NA,NA,NA,NA,NA,3,NA,Clinic,Y,FALSE,244,pass,pass,64,N,WT,N,NA,NA,2557,84.00821355,FALSE,FALSE,FALSE,FALSE,FALSE,FALSE,FALSE,FALSE,TRUE,pass
patient_026,Heejin,2146,F,NA,67,T,26,N,22,4.63,42,14.5,7.09,90.71274298,14,265,52.8,37.1,3.74352,2.63039,WT,NA,NA,NA,NA,N,NA,NA,NA,NA,NA,1,NA,Clinic,Y,FALSE,22,pass,pass,67,N,WT,N,NA,NA,2332,76.61601642710473,FALSE,FALSE,FALSE,FALSE,FALSE,FALSE,FALSE,FALSE,TRUE,pass
patient_045,Heejin,2152,M,NA,67,T,78,N,0,2.69,26.8,8.8,6.08,99.62825279,16.1,287,39.6,43.8,2.40768,2.66304,D170Y,NA,NA,NA,NA,Y,NA,MTX,5,NA,NA,1,NA,Clinic,Y,FALSE,0,pass,pass,67,N,MT,Y,NA,NA,175,5.749486652977413,FALSE,FALSE,FALSE,FALSE,FALSE,FALSE,FALSE,FALSE,TRUE,pass
patient_076,Heejin,2153,F,NA,61,T,67,N,13,5,44.4,14.7,7.31,88.8,15,184,4.5,31.2,0.32895,2.28072,WT,NA,NA,NA,NA,Y,NA,CTX,0,0,NE,1,NA,Clinic,Y,FALSE,13,pass,cbc_after_treatment_start,61,N,WT,Y,NA,NA,10,0.32854209445585214,FALSE,FALSE,FALSE,FALSE,FALSE,FALSE,FALSE,FALSE,TRUE,pass
NA,Heejin,2157,M,NA,77,GD,82,NA,0,2.5,24,8,9.87,97.3,21.8,793,68.8,26,6.79,2.57,K658R,NA,NA,NA,NA,Y,NA,MTX,0,3,NE,1,NA,Clinic,Y,FALSE,0,pass,pass,77,NA,MT,Y,NA,NA,25,0.8213552361396304,FALSE,FALSE,FALSE,FALSE,FALSE,FALSE,FALSE,FALSE,TRUE,pass
patient_022,Heejin,2164,M,NA,55,T,67,N,0,4.79,43.2,13.8,5.41,83,17.6,209,22.1,62.6,1.2,3.39,Y640F,NA,NA,NA,NA,N,NA,NA,NA,NA,NA,1,NA,Clinic,Y,FALSE,0,pass,pass,55,N,MT,N,NA,NA,3692,121.29774127310061,FALSE,FALSE,FALSE,FALSE,FALSE,FALSE,FALSE,FALSE,TRUE,pass
patient_065,Heejin,2165,F,NA,46,T,51,N,4,NA,36.2,11.7,2.5,107,15.2,479,6,88,0.15,2.2,WT,NA,NA,NA,NA,Y,NA,MTX,0,84,CR,1,NA,Clinic,Y,FALSE,4,pass,treated_but_missing_tx1_start_date,46,N,WT,Y,NA,NA,-1004,-32.98562628,FALSE,FALSE,FALSE,FALSE,FALSE,FALSE,FALSE,TRUE,FALSE,negative_time
patient_014,Heejin,2169,M,NA,65,T,59,N,61,4.71,42.4,14.5,6.11,90.02123142,12.7,173,43,43.9,2.6273,2.68229,WT,NA,NA,NA,NA,N,NA,NA,NA,NA,NA,1,NA,Clinic,Y,FALSE,61,pass,pass,65,N,WT,N,NA,NA,2409,79.14579055441479,FALSE,FALSE,FALSE,FALSE,FALSE,FALSE,FALSE,FALSE,TRUE,pass
patient_086,Heejin,2170,F,NA,46,T,70,N,53,4.19,36.5,12.4,12.19,87.1,14.1,358,24.3,53.9,2.99,6.64,WT,NA,NA,NA,NA,N,NA,NA,NA,NA,NA,1,NA,NA,N,FALSE,53,pass,pass,46,N,WT,N,NA,NA,2517,82.69404517453799,FALSE,FALSE,FALSE,FALSE,FALSE,FALSE,FALSE,FALSE,TRUE,pass
patient_030,Heejin,2173,F,NA,55,T,78,N,54,3.33,34.9,12,2.9,104.8048048,15.4,294,25.5,62.1,0.7395,1.8009,WT,NA,NA,NA,NA,N,NA,NA,NA,NA,NA,1,NA,Clinic,Y,FALSE,54,pass,pass,55,N,WT,N,NA,NA,2281,74.94045174537987,FALSE,FALSE,FALSE,FALSE,FALSE,FALSE,FALSE,FALSE,TRUE,pass
patient_078,Heejin,2174,F,NA,70,T,41,N,62,4.23,38.5,13.1,5.37,91.01654846,12.2,219,67,24,3.5979,1.2888,Y640F,NA,NA,NA,NA,N,NA,NA,NA,NA,NA,1,NA,Clinic,Y,FALSE,62,pass,pass,70,N,MT,N,NA,NA,2533,83.21971252566735,FALSE,FALSE,FALSE,FALSE,FALSE,FALSE,FALSE,FALSE,TRUE,pass
patient_044,Heejin,2180,F,NA,50,T,93,N,0,5.33,45.6,15.9,NA,85.6,14.1,NA,19,76,NA,NA,N647I,NA,NA,NA,NA,Y,NA,MTX,20,NA,NA,1,NA,Clinic,Y,FALSE,0,pass,pass,50,N,MT,Y,NA,NA,573,18.82546201232033,FALSE,FALSE,FALSE,FALSE,FALSE,FALSE,FALSE,FALSE,TRUE,pass
patient_049,Heejin,2183,M,NA,53,T,44,N,0,4.58,42.6,14.1,6.99,93.01310044,13,214,46.7,3.26,3.26433,0.227874,WT,NA,NA,NA,NA,N,NA,NA,NA,NA,NA,1,NA,Clinic,Y,FALSE,0,pass,pass,53,N,WT,N,NA,NA,2432,79.90143737166325,FALSE,FALSE,FALSE,FALSE,FALSE,FALSE,FALSE,FALSE,TRUE,pass
NA,Heejin,2186,F,NA,56,GD,48,N,162,4.18,37.7,12,2.22,90.19138756,14,124,27.9,57.2,0.61938,1.26984,WT,NA,NA,NA,NA,N,NA,NA,NA,NA,NA,1,NA,Clinic,Y,FALSE,162,pass,pass,56,N,WT,N,NA,NA,2585,84.92813141683779,FALSE,FALSE,FALSE,FALSE,FALSE,FALSE,FALSE,FALSE,TRUE,pass
patient_031,Heejin,2188,M,NA,56,T,81,N,63,4.89,42,13.8,8.29,85.88957055,14.1,223,5,74,0.4145,6.1346,WT,NA,NA,NA,NA,N,NA,NA,NA,NA,NA,1,NA,Clinic,Y,FALSE,63,pass,pass,56,N,WT,N,NA,NA,2591,85.12525667351129,FALSE,FALSE,FALSE,FALSE,FALSE,FALSE,FALSE,FALSE,TRUE,pass
patient_097,Heejin,2190,F,NA,44,T,54,N,77,2.87,28.5,9.3,2.67,99.30313589,15.6,152,29.1,50.6,0.77697,1.35102,Y640F,NA,NA,NA,NA,N,NA,NA,NA,NA,NA,1,NA,Clinic,Y,FALSE,77,pass,pass,44,N,MT,N,NA,NA,2621,86.11088295687885,FALSE,FALSE,FALSE,FALSE,FALSE,FALSE,FALSE,FALSE,TRUE,pass
patient_077,Heejin,2191,F,NA,52,T,68,N,55,3.84,35,11.3,2.7,91.14583333,15.2,156,1.5,78.9,0.0405,2.1303,WT,NA,NA,NA,NA,Y,NA,MTX,0,2,NE,1,NA,Clinic,Y,FALSE,55,pass,cbc_after_treatment_start,52,N,WT,Y,NA,NA,16,0.5256673511293635,FALSE,FALSE,FALSE,FALSE,FALSE,FALSE,FALSE,FALSE,TRUE,pass
patient_037,Heejin,2194,F,NA,64,T,52,N,0,4.04,40.4,13.1,6.27,100,12.7,180,43.3,48.6,2.71491,3.04722,WT,NA,NA,NA,NA,N,NA,NA,NA,NA,NA,1,NA,Clinic,Y,FALSE,0,pass,pass,64,N,WT,N,NA,NA,2402,78.91581108829568,FALSE,FALSE,FALSE,FALSE,FALSE,FALSE,FALSE,FALSE,TRUE,pass
NA,Heejin,2195,F,NA,33,GD,27,N,610,4.47,41,13,5.37,91.7,13.5,228,NA,NA,3.25,1.68,WT,NA,NA,NA,NA,Y,NA,MTX,27,NA,NA,3,NA,NA,N,FALSE,610,outside_1_year_window,pass,33,N,WT,Y,NA,NA,828,27.20328542094456,FALSE,FALSE,FALSE,FALSE,FALSE,FALSE,FALSE,FALSE,TRUE,pass
patient_067,Heejin,2198,F,NA,33,T,42,N,0,4.26,35.5,11.3,12.1,83.3,46.9,272,66.8,26.9,8.07,3.26,WT,NA,NA,NA,NA,Y,Neutropenia,MTX,3,8,UNK,1,NA,NA,N,FALSE,0,pass,pass,33,N,WT,Y,NA,NA,91,2.9897330595482545,FALSE,FALSE,FALSE,FALSE,FALSE,FALSE,FALSE,FALSE,TRUE,pass
NA,Heejin,2199,F,NA,70,NK,10,N,43,3.86,36.2,12,4.5,93.78238342,15.4,115,24.7,66.2,1.1115,2.979,WT,NA,NA,NA,NA,N,NA,NA,NA,NA,NA,3,NA,Clinic,Y,FALSE,43,pass,pass,70,N,WT,N,NA,NA,2240,73.59342915811088,FALSE,FALSE,FALSE,FALSE,FALSE,FALSE,FALSE,FALSE,TRUE,pass
patient_001,Heejin,2200,M,NA,50,T,96,N,1737,3.98,37.8,13.4,4.7,95,48.3,67,5.5,84.2,0.3,4,WT,NA,NA,NA,NA,Y,NA,MTX,46,NA,NA,2,9/30/19,Kit,Y,FALSE,1737,outside_1_year_window,treated_but_missing_tx1_start_date,50,N,WT,Y,9/30/19,9/30/19,1405,46.16016427104723,FALSE,FALSE,FALSE,FALSE,FALSE,FALSE,FALSE,FALSE,TRUE,pass
patient_089,Heejin,2202,M,NA,38,T,80,N,89,5,43.3,14.7,12.75,86.6,13.9,122,27.4,61.9,3.4935,7.89225,WT,NA,NA,NA,NA,N,NA,NA,NA,NA,NA,3,NA,Clinic,Y,FALSE,89,pass,pass,38,N,WT,N,NA,NA,2429,79.80287474332648,FALSE,FALSE,FALSE,FALSE,FALSE,FALSE,FALSE,FALSE,TRUE,pass
NA,Heejin,2203,F,NA,64,NK,17,N,0,2.2,22.1,7.4,3.1,100.5,14.7,214,22.6,67.7,0.7,2.1,S614R,NA,NA,NA,NA,Y,NA,MTX,0,4,NR,3,NA,Clinic,Y,FALSE,0,pass,pass,64,N,MT,Y,NA,NA,9,0.29568788501026694,FALSE,FALSE,FALSE,FALSE,FALSE,FALSE,FALSE,FALSE,TRUE,pass
patient_074,Heejin,2204,F,NA,64,T,44,Y,253,3.9,39.7,13.6,11.7,101.8,14.1,347,41.5,46.3,4.9,5.4,WT,NA,NA,NA,NA,Y,NA,MTX,33,NA,NA,1,NA,Clinic,Y,FALSE,253,pass,pass,64,Y,WT,Y,NA,NA,273,8.969199178644764,FALSE,FALSE,FALSE,FALSE,FALSE,FALSE,FALSE,FALSE,TRUE,pass
patient_082,Heejin,2205,F,NA,62,T,79,N,167,3,26,8.6,4.18,86.66666667,16.7,59,28.8,51.4,1.20384,2.14852,Y640F,NA,NA,NA,NA,N,NA,NA,NA,NA,NA,2,11/23/19,Clinic,Y,FALSE,167,pass,pass,62,N,MT,N,11/23/19,11/23/19,877,28.813141683778234,TRUE,FALSE,FALSE,FALSE,FALSE,FALSE,FALSE,FALSE,TRUE,pass
patient_063,Heejin,2207,M,NA,66,T,57,Y,19,4.54,43.4,14.6,7.51,95.59471366,14.8,134,NA,NA,NA,NA,Y640F,NA,NA,NA,NA,Y,NA,MTX,0,NA,NA,1,NA,Clinic,Y,FALSE,19,pass,treated_but_missing_tx1_start_date,66,Y,MT,Y,NA,NA,-3986,-130.9568789,FALSE,FALSE,FALSE,FALSE,FALSE,FALSE,FALSE,TRUE,FALSE,negative_time
NA,Heejin,2208,M,NA,48,GD,21,N,0,2.63,23.7,8,3.18,90.11406844,23.1,303,42.2,48.4,1.34196,1.53912,D661Y,NA,NA,NA,NA,Y,NA,CSA,0,NA,NA,1,NA,Clinic,Y,FALSE,0,pass,treated_but_missing_tx1_start_date,48,N,MT,Y,NA,NA,-10214,-335.5728953,FALSE,FALSE,FALSE,FALSE,FALSE,FALSE,FALSE,TRUE,FALSE,negative_time
NA,Heejin,2212,F,NA,23,T,51,N,99,3.76,33.2,10.5,1.2,88.3,13.2,52,34.2,50.8,0.41,0.61,WT,NA,NA,NA,NA,Y,NA,MTX,0,NA,NA,1,NA,NA,N,FALSE,99,pass,treated_but_missing_tx1_start_date,23,N,WT,Y,NA,NA,-2466,-81.01848049,FALSE,FALSE,FALSE,FALSE,FALSE,FALSE,FALSE,TRUE,FALSE,negative_time
patient_016,Heejin,2214,F,NA,64,T,45.4,N,140,5.07,42.7,14.5,3.2,84.2209073,14.8,168,30.6,53.7,0.9792,1.7184,Y640F,NA,NA,NA,NA,N,NA,NA,UNK,NA,NA,3,NA,Kit,Y,FALSE,140,pass,pass,64,N,MT,N,NA,NA,140,4.599589322,FALSE,FALSE,FALSE,FALSE,FALSE,FALSE,FALSE,FALSE,TRUE,pass
NA,Heejin,2216,M,NA,57,NK,14,N,119,5.13,45.4,16,10.51,88.49902534,13,199,48.7,21.7,5.11837,2.28067,WT,NA,NA,NA,NA,N,NA,NA,NA,NA,NA,3,NA,Clinic,Y,FALSE,119,pass,pass,57,N,WT,N,NA,NA,875,28.747433264887064,FALSE,FALSE,FALSE,FALSE,FALSE,FALSE,FALSE,FALSE,TRUE,pass
patient_072,Heejin,2217,M,NA,45,T,58,N,-795,9.7,NA,13.3,5.1,87,13.6,73,34,60,NA,NA,WT,NA,NA,NA,NA,N,NA,MTX,NA,NA,NA,1,NA,Clinic,Y,TRUE,-795,outside_1_year_window,pass,45,N,WT,N,NA,NA,9298,305.47843942505136,FALSE,FALSE,FALSE,FALSE,FALSE,FALSE,FALSE,FALSE,TRUE,pass
patient_027,Heejin,2225,F,NA,53,T,81,N,180,5.02,40.2,13.9,7.7,80.07968127,14.1,241,13.3,64.6,1.0241,4.9742,Y640F,NA,NA,NA,NA,N,NA,NA,NA,NA,NA,1,NA,Clinic,Y,FALSE,180,pass,pass,53,N,MT,N,NA,NA,1489,48.91991786447639,FALSE,FALSE,FALSE,FALSE,FALSE,FALSE,FALSE,FALSE,TRUE,pass
patient_070,Heejin,2226,M,NA,56,T,70,N,24,4.91,42.6,14.1,4.4,87,13.7,98,7,81,0.31,3.56,WT,NA,NA,NA,NA,Y,NA,CSA,90,NA,NA,1,NA,Clinic,Y,FALSE,24,pass,pass,56,N,WT,Y,NA,NA,2717,89.26488706365502,FALSE,FALSE,FALSE,FALSE,FALSE,FALSE,FALSE,FALSE,TRUE,pass
NA,Heejin,2233,F,NA,43,T,70,N,539,4.16,34.6,11.5,5.1,83.5,13.9,201,23.3,65.7,1.2,3.4,D661Y,NA,NA,NA,NA,N,NA,NA,NA,NA,NA,3,NA,NA,N,FALSE,539,outside_1_year_window,pass,43,N,MT,N,NA,NA,1452,47.70431211498973,FALSE,FALSE,FALSE,FALSE,FALSE,FALSE,FALSE,FALSE,TRUE,pass
NA,Heejin,2234,M,NA,44,T,55,N,83,4.83,42.7,14,2.8,88.5,15.5,121,NA,29.2,1.7,0.8,WT,NA,NA,NA,NA,Y,NA,MTX,6,0,UNK,1,NA,NA,N,FALSE,83,pass,pass,44,N,WT,Y,NA,NA,204,6.702258726899384,FALSE,FALSE,FALSE,FALSE,FALSE,FALSE,FALSE,FALSE,TRUE,pass
NA,Heejin,2236,M,NA,36,T,42,N,-73,5.56,44.6,15.5,4.3,80.3,13.1,198,51.4,29.3,NA,NA,WT,NA,NA,NA,NA,N,NA,NA,NA,NA,NA,1,NA,NA,N,TRUE,-73,pass,pass,36,N,WT,N,NA,NA,935,30.718685831622178,FALSE,FALSE,FALSE,FALSE,FALSE,FALSE,FALSE,FALSE,TRUE,pass
NA,Heejin,2242,M,NA,39,T,44,N,92,4.68,39.8,13.7,3.37,85,12.9,215,31.7,54.6,1.07,1.84,WT,NA,NA,NA,NA,N,NA,NA,NA,NA,NA,3,NA,NA,N,FALSE,92,pass,pass,39,N,WT,N,NA,NA,2293,75.33470225872689,FALSE,FALSE,FALSE,FALSE,FALSE,FALSE,FALSE,FALSE,TRUE,pass
NA,Heejin,2247,F,NA,43,GD,51,Y,41,4.56,39.1,13.3,10.74,85.74561404,14.7,47,22.3,63.4,2.39502,6.80916,WT,NA,NA,NA,NA,Y,NA,CTX,0,NA,NA,1,NA,Clinic,Y,FALSE,41,pass,treated_but_missing_tx1_start_date,43,Y,WT,Y,NA,NA,-750,-24.64065708,FALSE,FALSE,FALSE,FALSE,FALSE,FALSE,FALSE,TRUE,FALSE,negative_time
patient_035,Heejin,2249,M,NA,63,T,66,Y,81,4.76,41.3,13.3,6.24,86.76470588,16.5,124,23.1,56.1,1.44144,3.50064,Y640F,NA,NA,NA,NA,Y,NA,MTX,0,NA,NA,1,NA,Clinic,Y,FALSE,81,pass,treated_but_missing_tx1_start_date,63,Y,MT,Y,NA,NA,-1872,-61.50308008,FALSE,FALSE,FALSE,FALSE,FALSE,FALSE,FALSE,TRUE,FALSE,negative_time
patient_025,Heejin,2251,M,NA,71,T,94,N,0,2.83,24.5,8.1,7.09,86.6,15.7,135,10.5,71.8,0.74,5.1,K658R,NA,NA,NA,NA,Y,NA,CTX,84,NA,NA,1,NA,Clinic,Y,FALSE,0,pass,treated_but_missing_tx1_start_date,71,N,MT,Y,NA,NA,-2295,-75.40041068,FALSE,FALSE,FALSE,FALSE,FALSE,FALSE,FALSE,TRUE,FALSE,negative_time
NA,Heejin,2252,F,NA,37,T,70,N,0,2.9,25.8,8.6,6.54,89,15.2,146,17,76.5,1.12,5,WT,NA,NA,NA,NA,Y,NA,MTX,0,NA,NA,2,5/6/23,NA,N,FALSE,0,pass,treated_but_missing_tx1_start_date,37,N,WT,Y,5/6/23,5/6/23,-2326,-76.41889117,FALSE,FALSE,FALSE,FALSE,FALSE,FALSE,FALSE,TRUE,FALSE,negative_time
NA,Heejin,2263,M,NA,47,T,NA,N,123,3.01,26.2,8.4,4.9,87,26,8,20.5,66.1,1.3,3.2,WT,NA,NA,NA,NA,Y,NA,MTX,2,3,UNK,3,NA,NA,N,FALSE,123,pass,cbc_after_treatment_start,47,N,WT,Y,NA,NA,67,2.2012320328542097,FALSE,FALSE,FALSE,FALSE,FALSE,FALSE,FALSE,FALSE,TRUE,pass
NA,Heejin,2277,F,NA,42,T,44,N,155,5.03,42.5,14.1,1.3,84.5,14.4,340,51.2,39.3,5.77,4.43,WT,NA,NA,NA,NA,N,NA,NA,NA,NA,NA,3,NA,NA,N,FALSE,155,pass,pass,42,N,WT,N,NA,NA,2346,77.07597535934292,FALSE,FALSE,FALSE,FALSE,FALSE,FALSE,FALSE,FALSE,TRUE,pass
NA,Heejin,2286,F,NA,40,T,80,N,0,4.25,36.7,12.2,2.84,86.4,13.9,82,11.5,76.4,0.33,2.17,WT,NA,NA,NA,NA,Y,NA,MTX,19,NA,NA,1,NA,NA,N,FALSE,0,pass,pass,40,N,WT,Y,NA,NA,595,19.548254620123203,FALSE,FALSE,FALSE,FALSE,FALSE,FALSE,FALSE,FALSE,TRUE,pass
NA,Heejin,2294,M,NA,34,T,NA,N,174,4.29,32,11.5,2.3,74.6,14.9,241,7,46.4,0.2,1,WT,NA,NA,NA,NA,Y,NA,MTX,9,NA,NA,2,10/18/18,NA,N,FALSE,174,pass,pass,34,N,WT,Y,10/18/18,10/18/18,265,8.706365503080082,FALSE,FALSE,FALSE,FALSE,FALSE,FALSE,FALSE,FALSE,TRUE,pass
NA,Heejin,2295,M,NA,38,GD,28,N,138,4.85,38.4,13.1,2.93,79.2,15.7,220,12.9,68.3,0.38,2,WT,NA,NA,NA,NA,Y,Neutropenia,MTX,1,3,UNK,3,NA,NA,N,FALSE,138,pass,cbc_after_treatment_start,38,N,WT,Y,NA,NA,37,1.215605749486653,FALSE,FALSE,FALSE,FALSE,FALSE,FALSE,FALSE,FALSE,TRUE,pass
NA,Heejin,2322,M,NA,34,T,55,N,75,5.27,43.6,14.3,8.59,82.7,13.2,531,48.5,35.6,4.17,3.06,WT,NA,NA,NA,NA,Y,NA,MTX,8,NA,NA,1,NA,NA,N,FALSE,75,pass,pass,34,N,WT,Y,NA,NA,242,7.950718685831622,FALSE,FALSE,FALSE,FALSE,FALSE,FALSE,FALSE,FALSE,TRUE,pass
NA,Heejin,2323,M,NA,43,T,29,N,10,5.2,44.3,15.1,8.68,85.2,11.7,277,49.9,39.2,4.34,3.4,WT,NA,NA,NA,NA,N,NA,NA,NA,NA,NA,1,NA,NA,N,FALSE,10,pass,pass,43,N,WT,N,NA,NA,1064,34.95687885010267,FALSE,FALSE,FALSE,FALSE,FALSE,FALSE,FALSE,FALSE,TRUE,pass
NA,Heejin,2350,M,NA,37,T,pos,N,146,3.91,34.1,12.5,1,87.2,13.8,64,22,60,0.2,NA,WT,NA,NA,NA,NA,Y,Neutropenia,MTX,0,2,UNK,3,NA,NA,N,FALSE,146,pass,cbc_after_treatment_start,37,N,WT,Y,NA,NA,-181,-5.94661191,FALSE,FALSE,FALSE,FALSE,FALSE,FALSE,FALSE,TRUE,FALSE,negative_time
NA,Heejin,2351,M,NA,48,T,NA,N,139,3.75,30.2,9.6,4.3,81,21.8,229,71.2,21.3,3,0.9,WT,NA,NA,NA,NA,Y,NA,MTX,3,6,UNK,3,NA,NA,N,FALSE,139,pass,cbc_after_treatment_start,48,N,WT,Y,NA,NA,68,2.2340862422997945,FALSE,FALSE,FALSE,FALSE,FALSE,FALSE,FALSE,FALSE,TRUE,pass
NA,Heejin,2361,M,NA,41,T,10,N,0,4.9,42.9,14,2.85,87.6,14,146,45.5,44.6,1.3,1.27,Y657_K658insertF,NA,NA,NA,NA,Y,Neutropenia,MTX,0,5,UNK,3,NA,NA,N,FALSE,0,pass,cbc_after_treatment_start,41,N,MT,Y,NA,NA,-153,-5.026694045,FALSE,FALSE,FALSE,FALSE,FALSE,FALSE,FALSE,TRUE,FALSE,negative_time
NA,Heejin,2367,F,NA,41,T,63,N,0,4.39,38,12.3,13.14,86.6,15.1,354,33.9,51.3,4.45,6.74,WT,NA,NA,NA,NA,Y,NA,CTX,0,NA,NA,3,NA,NA,N,FALSE,0,pass,treated_but_missing_tx1_start_date,41,N,WT,Y,NA,NA,-8829,-290.0698152,FALSE,FALSE,FALSE,FALSE,FALSE,FALSE,FALSE,TRUE,FALSE,negative_time
NA,Heejin,2453,M,NA,47,T,23,N,49,4.39,39.7,13.5,5.22,90.4,17,116,58,25.5,3.03,1.33,WT,NA,NA,NA,NA,Y,NA,CSA,0,NA,NA,3,NA,NA,N,FALSE,49,pass,treated_but_missing_tx1_start_date,47,N,WT,Y,NA,NA,-147,-4.829568789,FALSE,FALSE,FALSE,FALSE,FALSE,FALSE,FALSE,TRUE,FALSE,negative_time
NA,Nate,1265,F,W,60,T,unk,N,251,NA,NA,NA,NA,NA,NA,NA,NA,NA,1.1,NA,Y640F,10/7/14,sanger,unk,>15%,Y,Neutropenia,MTX,0,156,CR,1,NA,NA,NA,FALSE,251,pass,cbc_after_treatment_start,60,N,MT,Y,NA,NA,-17,-0.558521561,FALSE,FALSE,FALSE,FALSE,FALSE,FALSE,FALSE,TRUE,FALSE,negative_time
NA,Nate,1282,F,W,41,T,unk,N,NA,NA,NA,NA,NA,NA,NA,NA,NA,NA,NA,NA,D661Y,4/25/17,sanger,unk,>15%,Y,Neutropenia,MTX,3,4,unk,1,NA,NA,NA,NA,NA,missing_or_invalid_date,treated_but_missing_tx1_start_date,41,N,MT,Y,NA,NA,122,4.008213552361396,FALSE,FALSE,FALSE,FALSE,FALSE,FALSE,FALSE,FALSE,TRUE,pass
NA,Nate,1341,M,W,70,T,0.93,N,7655,NA,NA,7.7,NA,NA,NA,NA,NA,NA,1.2,NA,Y640F,"1/10/06, 1/10/06, unk","stat amplicon, ddPCR, sanger",unk,"27%, 37%, <15%",Y,Anemia,MTX,11,12,CR,1,NA,NA,NA,FALSE,7655,outside_1_year_window,cbc_after_treatment_start,70,N,MT,Y,NA,NA,346,11.367556468172484,FALSE,FALSE,FALSE,FALSE,FALSE,FALSE,FALSE,FALSE,TRUE,pass
NA,Nate,1342,M,W,66,T,0.37,N,1788,3.08,33.5,11.4,3.3,109,16,239,21.21212121,69.6969697,0.7,2.3,WT,unk,unk,unk,unk,Y,Anemia,MTX,93,4,NR,2,NA,NA,NA,FALSE,1788,outside_1_year_window,pass,66,N,WT,Y,NA,NA,7590,249.36344969199178,FALSE,FALSE,FALSE,FALSE,FALSE,FALSE,FALSE,FALSE,TRUE,pass
NA,Nate,1348,M,W,68,T,0,N,NA,NA,NA,NA,NA,NA,NA,NA,NA,NA,NA,NA,D661Y,2/14/06,"WGS, sanger",unk,"2.6% (D661Y), >15% (D661Y and Y640F)",Y,Anemia,MTX,0,192,CR,2,1/22/23,NA,NA,NA,NA,missing_or_invalid_date,treated_but_missing_tx1_start_date,68,N,MT,Y,1/22/23,1/22/23,0,0,FALSE,FALSE,FALSE,FALSE,FALSE,FALSE,FALSE,FALSE,TRUE,pass
NA,Nate,1352,M,W,71,T,0.95,N,0,NA,NA,8.3,17.4,97,NA,NA,0.006896552,NA,1.2,NA,D661Y,2/28/06,"WGS, STAT3 amplicon",unk,"52.3%, 40%",Y,Anemia,MTX,4,4,NR,2,9/19/20,NA,NA,FALSE,0,pass,pass,71,N,MT,Y,9/19/20,9/19/20,7527,247.2936344969199,FALSE,FALSE,FALSE,FALSE,FALSE,FALSE,TRUE,FALSE,FALSE,death_before_treatment
NA,Nate,1406,M,W,42,T,0.93,N,26,NA,NA,9.5,17.6,102,NA,NA,0.006818182,NA,1.2,NA,Y640F,1/15/08,WGS,unk,0.284,Y,Anemia,MTX,4,12,CR,1,NA,NA,NA,FALSE,26,pass,pass,42,N,MT,Y,NA,NA,208,6.833675564681725,FALSE,FALSE,FALSE,FALSE,FALSE,FALSE,FALSE,FALSE,TRUE,pass
NA,Nate,1436,F,W,52,T,unk,N,6889,NA,NA,11.7,4.2,98.9,NA,97,19.04761905,73.80952381,0.8,3.1,WT,unk,unk,unk,unk,Y,Neutropenia,MTX,63,12,tx stopped 2/2 intolerance,1,NA,NA,NA,FALSE,6889,outside_1_year_window,pass,52,N,WT,Y,NA,NA,6889,226.33264887063655,FALSE,FALSE,FALSE,FALSE,FALSE,FALSE,FALSE,FALSE,TRUE,pass
NA,Nate,1567,F,W,52,T,unk,Y,NA,NA,NA,NA,NA,NA,NA,NA,NA,NA,NA,NA,WT,unk,unk,unk,unk,Y,Neutropenia,MTX,1,9,CR,1,NA,NA,NA,NA,NA,missing_or_invalid_date,treated_but_missing_tx1_start_date,52,Y,WT,Y,NA,NA,31,1.0184804928131417,FALSE,FALSE,FALSE,FALSE,FALSE,FALSE,FALSE,FALSE,TRUE,pass
NA,Nate,1600,M,W,51,T,0.87,N,NA,NA,NA,NA,NA,NA,NA,NA,NA,NA,NA,NA,WT,unk,unk,unk,unk,Y,Anemia,MTX,34,3,NR,1,NA,NA,NA,NA,NA,missing_or_invalid_date,treated_but_missing_tx1_start_date,51,N,WT,Y,NA,NA,1047,34.39835728952772,FALSE,FALSE,FALSE,FALSE,FALSE,FALSE,FALSE,FALSE,TRUE,pass
NA,Nate,1604,F,W,53,T,0.35,N,0,NA,NA,NA,NA,NA,NA,NA,NA,NA,1.16,NA,WT,unk,unk,unk,unk,Y,"Neutropenia, Anemia",MTX,32,75,CR,3,NA,NA,NA,FALSE,0,pass,pass,53,N,WT,Y,NA,NA,5792,190.29158110882958,FALSE,FALSE,FALSE,FALSE,FALSE,FALSE,FALSE,FALSE,TRUE,pass
NA,Nate,1610,F,W,52,T,0.68,N,32,2.66,25,8.4,6.3,94,15.8,158,20.63492063,69.84126984,1.3,4.4,WT,unk,unk,unk,unk,Y,Anemia,MTX,1,123,CR,1,NA,NA,NA,FALSE,32,pass,pass,52,N,WT,Y,NA,NA,40,1.3141683778234086,FALSE,FALSE,FALSE,FALSE,FALSE,FALSE,FALSE,FALSE,TRUE,pass
NA,Nate,1632,M,W,62,T,0.57,N,5489,NA,NA,NA,NA,NA,NA,NA,NA,NA,0.25,NA,WT,unk,unk,unk,unk,Y,Neutropenia,MTX,5,4,NR,3,NA,NA,NA,FALSE,5489,outside_1_year_window,pass,62,N,WT,Y,NA,NA,5641,185.33059548254622,FALSE,FALSE,FALSE,FALSE,FALSE,FALSE,FALSE,FALSE,TRUE,pass
NA,Nate,1638,M,W,43,T,0.73,N,5579,NA,NA,15.9,4.55,NA,NA,153,40.21978022,NA,1.83,NA,WT,unk,unk,unk,unk,Y,Neutropenia,MTX,5,60,CR,3,NA,NA,NA,FALSE,5579,outside_1_year_window,pass,43,N,WT,Y,NA,NA,5640,185.29774127310063,FALSE,FALSE,FALSE,FALSE,FALSE,FALSE,FALSE,FALSE,TRUE,pass
NA,Nate,1649,M,W,72,T,0.93,N,593,NA,NA,NA,NA,NA,NA,NA,NA,NA,0.35,NA,D661Y,5/17/11,sanger,unk,>15%,Y,Neutropenia,MTX,unk,unk,NR,2,2/12/15,NA,NA,FALSE,593,outside_1_year_window,treated_but_missing_tx1_start_date,72,N,MT,Y,2/12/15,2/12/15,NA,NA,FALSE,FALSE,FALSE,FALSE,TRUE,FALSE,FALSE,FALSE,FALSE,treated_missing_Tx1_start_date
NA,Nate,1663,M,W,73,T,unk,N,NA,NA,NA,7.6,NA,NA,NA,198,NA,NA,1.56,2.12,WT,unk,unk,unk,unk,Y,Anemia,MTX,11,unk,CR,2,7/13/05,NA,NA,NA,NA,missing_or_invalid_date,treated_but_missing_tx1_start_date,73,N,WT,Y,7/13/05,7/13/05,5854,192.32854209445586,FALSE,FALSE,FALSE,FALSE,FALSE,FALSE,TRUE,FALSE,FALSE,death_before_treatment
NA,Nate,1696,M,W,44,T,0.82,N,NA,NA,NA,15.2,NA,NA,NA,290,NA,NA,0.49,2.14,WT,unk,unk,unk,unk,Y,Neutropenia,MTX,102,72,CR,1,NA,NA,NA,NA,NA,missing_or_invalid_date,treated_but_missing_tx1_start_date,44,N,WT,Y,NA,NA,8924,293.19096509240245,FALSE,FALSE,FALSE,FALSE,FALSE,FALSE,FALSE,FALSE,TRUE,pass
NA,Nate,1701,F,W,66,T,Y,Y,5396,NA,NA,NA,NA,NA,NA,NA,NA,NA,1.4,NA,WT,unk,unk,unk,unk,Y,Neutropenia,MTX,1,24,CR,1,3/24/26,NA,NA,FALSE,5396,outside_1_year_window,pass,66,Y,WT,Y,3/24/26,3/24/26,5580,183.3264887063655,FALSE,FALSE,FALSE,FALSE,FALSE,FALSE,TRUE,FALSE,FALSE,death_before_treatment
NA,Nate,1725,M,W,76,T,unk,N,5186,NA,NA,14,4.4,NA,NA,53,NA,NA,NA,NA,WT,unk,unk,unk,unk,Y,Unk,MTX,12,4,NR,3,NA,NA,NA,FALSE,5186,outside_1_year_window,pass,76,N,WT,Y,NA,NA,5186,170.38193018480493,FALSE,FALSE,FALSE,FALSE,FALSE,FALSE,FALSE,FALSE,TRUE,pass
NA,Nate,1741,F,O,60,T,0,N,891,NA,NA,NA,NA,NA,NA,NA,NA,NA,0.2,NA,WT,unk,unk,unk,unk,Y,Neutropenia,CSA,26,4,NR,1,NA,NA,NA,FALSE,891,outside_1_year_window,pass,60,N,WT,Y,NA,NA,891,29.27310061601643,FALSE,FALSE,FALSE,FALSE,FALSE,FALSE,FALSE,FALSE,TRUE,pass
NA,Nate,1763,F,W,50,T,0,N,536,NA,NA,8.9,10,103.5,NA,246,3,NA,0.3,NA,WT,unk,unk,unk,unk,Y,Neutropenia/Anemia,MTX,unk,remains on as of 4/2024,CR,1,NA,NA,NA,FALSE,536,outside_1_year_window,pass,50,N,WT,Y,NA,NA,5278,173.40451745379877,FALSE,FALSE,FALSE,FALSE,FALSE,FALSE,FALSE,FALSE,TRUE,pass
NA,Nate,1769,F,W,43,T,0.88,Y,-19,3.84,28.4,9.3,2.7,74.1,24.6,77,3.703703704,88.88888889,0.1,2.4,D661Y,7/7/15,sanger,unk,>15%,Y,Neutropenia,CTX,3,12,CR,1,NA,NA,NA,TRUE,-19,pass,pass,43,Y,MT,Y,NA,NA,5186,170.38193018480493,FALSE,FALSE,FALSE,FALSE,FALSE,FALSE,FALSE,FALSE,TRUE,pass
NA,Nate,1805,M,W,52,T,0.07,N,509,4.2,36,13.1,0.82,87,14.7,171,1.219512195,54.87804878,0.01,0.45,WT,unk,unk,unk,unk,Y,Neutropenia,MTX,16,132,CR,1,NA,NA,NA,FALSE,509,outside_1_year_window,pass,52,N,WT,Y,NA,NA,514,16.88706366,FALSE,FALSE,FALSE,FALSE,FALSE,FALSE,FALSE,FALSE,TRUE,pass
NA,Nate,1825,M,W,66,T,unk,N,NA,NA,NA,NA,NA,NA,NA,NA,NA,NA,NA,NA,D661Y,"10/21/14, 8/18/14","WGS, sanger",unk,"31.3%, >15%",Y,Anemia,MTX,57,4,NR,1,NA,NA,NA,NA,NA,missing_or_invalid_date,treated_but_missing_tx1_start_date,66,N,MT,Y,NA,NA,2679,88.0164271,FALSE,FALSE,FALSE,FALSE,FALSE,FALSE,FALSE,FALSE,TRUE,pass
NA,Nate,1826,M,W,58,T,unk,Y,4760,NA,NA,NA,NA,NA,NA,NA,NA,NA,0.08,NA,Y640F,4/24/15,sanger,unk,>15%,Y,Neutropenia,MTX,1,3,NR,2,7/14/18,NA,NA,FALSE,4760,outside_1_year_window,pass,58,Y,MT,Y,7/14/18,7/14/18,4791,157.40451745379877,FALSE,FALSE,FALSE,FALSE,FALSE,FALSE,TRUE,FALSE,FALSE,death_before_treatment
NA,Nate,1829,F,W,63,T,0.35,Y,NA,NA,NA,NA,NA,NA,NA,NA,NA,NA,NA,NA,WT,unk,unk,unk,unk,Y,Neutropenia,CTX,1,9,PR,2,6/9/15,NA,NA,NA,NA,missing_or_invalid_date,treated_but_missing_tx1_start_date,63,Y,WT,Y,6/9/15,6/9/15,4790,157.3716632443532,FALSE,FALSE,FALSE,FALSE,FALSE,FALSE,TRUE,FALSE,FALSE,death_before_treatment
NA,Nate,1847,M,W,44,T,0.89,N,4396,NA,NA,5,NA,121,NA,NA,NA,NA,0.878,NA,WT,unk,unk,unk,unk,Y,Anemia,MTX,0,3,NR,1,NA,NA,NA,FALSE,4396,outside_1_year_window,pass,44,N,WT,Y,NA,NA,4396,144.42710472279262,FALSE,FALSE,FALSE,FALSE,FALSE,FALSE,FALSE,FALSE,TRUE,pass
NA,Nate,1861,M,W,76,T,0.1,N,27,2.3,25.1,8.7,4.2,109.2,20.8,284,2.142857143,NA,0.09,NA,WT,unk,unk,unk,unk,Y,Anemia,MTX,2,4,NR,2,1/9/22,NA,NA,FALSE,27,pass,pass,76,N,WT,Y,1/9/22,1/9/22,4427,145.44558521560575,FALSE,FALSE,FALSE,FALSE,FALSE,FALSE,TRUE,FALSE,FALSE,death_before_treatment
NA,Nate,1863,F,W,56,T,0.84,Y,17,NA,NA,12.7,2.7,NA,NA,124,11.11111111,74.07407407,0.3,2,Y640F,"2/2/2023, 7/22/2022, 9/2/2014, 9/2/2014","VCU Oncogenomic, VCU Onc, WGS, Sanger",mix,"3.7%, 37%, 13.2%(N647I), <15%(WT)",Y,Neutropenia,CTX,10,2,NR,1,NA,NA,NA,FALSE,17,pass,pass,56,Y,MT,Y,NA,NA,4336,142.4558521560575,FALSE,FALSE,FALSE,FALSE,FALSE,FALSE,FALSE,FALSE,TRUE,pass
NA,Nate,1875,F,W,61,T,0.9,N,1265,NA,38.4,12.1,4.12,85.1,19.3,164,11.65048544,79.61165049,0.48,3.28,D661Y,"9/21/16, 11/18/14","sanger, WGS",unk,">15%, 34%",Y,Neutropenia,MTX,41,60,cr,1,NA,NA,NA,FALSE,1265,outside_1_year_window,pass,61,N,MT,Y,NA,NA,4186,137.52772073921972,FALSE,FALSE,FALSE,FALSE,FALSE,FALSE,FALSE,FALSE,TRUE,pass
NA,Nate,1880,M,W,51,T,0.51,Y,NA,NA,NA,15.5,NA,NA,NA,121,NA,NA,0.8,NA,WT,unk,unk,unk,unk,Y,Neutropenia,MTX,72,5,NR,1,NA,NA,NA,NA,NA,missing_or_invalid_date,treated_but_missing_tx1_start_date,51,Y,WT,Y,NA,NA,7650,251.3347022587269,FALSE,FALSE,FALSE,FALSE,FALSE,FALSE,FALSE,FALSE,TRUE,pass
NA,Nate,1893,F,W,49,T,0.95,N,NA,NA,NA,NA,NA,NA,NA,NA,NA,NA,NA,NA,Y640F,1/20/15,"sanger, WGS",unk,">15%, 47.9%",Y,Anemia,CSA,unk,3,intolerance,2,4/23/15,NA,NA,NA,NA,missing_or_invalid_date,treated_but_missing_tx1_start_date,49,N,MT,Y,4/23/15,4/23/15,6489,213.19096509240245,FALSE,FALSE,FALSE,FALSE,FALSE,FALSE,TRUE,FALSE,FALSE,death_before_treatment
NA,Nate,1894,F,W,64,T,unk,N,NA,NA,NA,9.5,NA,NA,NA,49,NA,NA,NA,NA,WT,unk,unk,unk,unk,Y,Neutropenia,MTX,16,14,NR,2,3/16/20,NA,NA,NA,NA,missing_or_invalid_date,treated_but_missing_tx1_start_date,64,N,WT,Y,3/16/20,3/16/20,5225,171.66324435318276,FALSE,FALSE,FALSE,FALSE,FALSE,FALSE,TRUE,FALSE,FALSE,death_before_treatment
NA,Nate,1896,F,W,63,T,0.69,Y,4396,NA,NA,NA,NA,NA,NA,NA,NA,NA,0.21,NA,WT,unk,unk,unk,unk,Y,Neutropenia,CTX,0,12,CR,3,NA,NA,NA,FALSE,4396,outside_1_year_window,pass,63,Y,WT,Y,NA,NA,4396,144.42710472279262,FALSE,FALSE,FALSE,FALSE,FALSE,FALSE,FALSE,FALSE,TRUE,pass
NA,Nate,1901,M,W,56,T,0,N,NA,NA,NA,8.5,NA,NA,NA,160,NA,NA,0.84,NA,Y640F,2/27/15,sanger,unk,>15%,Y,Anemia,MTX,0,3,NR,1,NA,NA,NA,NA,NA,missing_or_invalid_date,treated_but_missing_tx1_start_date,56,N,MT,Y,NA,NA,4760,156.38603696098562,FALSE,FALSE,FALSE,FALSE,FALSE,FALSE,FALSE,FALSE,TRUE,pass
NA,Nate,1916,F,W,53,T,0.36,Y,1015,NA,NA,NA,NA,NA,NA,NA,NA,NA,1.05,NA,WT,unk,unk,unk,unk,Y,Neutropenia,MTX,33,unk,CR,3,NA,NA,NA,FALSE,1015,outside_1_year_window,pass,53,Y,WT,Y,NA,NA,1019,33.478439425051334,FALSE,FALSE,FALSE,FALSE,FALSE,FALSE,FALSE,FALSE,TRUE,pass
NA,Nate,1937,M,W,72,T,0.08,N,-201,2.49,27.4,7.6,7.38,110,15.5,219,NA,NA,NA,NA,WT,unk,unk,unk,unk,Y,Anemia/Thrombocytopenia,CTX,2,8,NR,2,9/10/22,NA,NA,TRUE,-201,pass,pass,72,N,WT,Y,9/10/22,9/10/22,4091,134.4065708418891,FALSE,FALSE,FALSE,FALSE,FALSE,FALSE,TRUE,FALSE,FALSE,death_before_treatment
NA,Nate,1944,F,W,62,T,0.38,N,11,4.14,39.5,13.5,3.74,95.3,13,210,58.82352941,32.0855615,2.2,1.2,WT,unk,unk,unk,unk,Y,Neutropenia,MTX,19,24,NR,1,NA,NA,NA,FALSE,11,pass,pass,62,N,WT,Y,NA,NA,4975,163.44969199178644,FALSE,FALSE,FALSE,FALSE,FALSE,FALSE,FALSE,FALSE,TRUE,pass
NA,Nate,1958,F,W,59,T,0.83,N,NA,NA,NA,NA,NA,NA,NA,NA,NA,NA,NA,NA,WT,unk,unk,unk,unk,Y,Neutropenia,MTX,unk,unk,NR,1,NA,NA,NA,NA,NA,missing_or_invalid_date,treated_but_missing_tx1_start_date,59,N,WT,Y,NA,NA,NA,NA,FALSE,FALSE,FALSE,FALSE,TRUE,FALSE,FALSE,FALSE,FALSE,treated_missing_Tx1_start_date
NA,Nate,1977,M,W,73,T,0.49,N,719,5.18,44.3,14.4,5,85.5,18.2,5,96,12,4.8,0.6,WT,unk,unk,unk,unk,Y,Thrombocytopenia,CTX,24,6,NR,1,NA,NA,NA,FALSE,719,outside_1_year_window,pass,73,N,WT,Y,NA,NA,4398,144.49281314168377,FALSE,FALSE,FALSE,FALSE,FALSE,FALSE,FALSE,FALSE,TRUE,pass
NA,Nate,2001,M,W,41,T,unk,N,-4,2.28,26.2,9.4,1.6,115,18.2,125,NA,NA,NA,NA,WT,unk,unk,unk,unk,Y,Neutropenia/Anemia,MTX,0,4,NR,1,NA,NA,NA,TRUE,-4,pass,pass,41,N,WT,Y,NA,NA,0,0,FALSE,FALSE,FALSE,FALSE,FALSE,FALSE,FALSE,FALSE,TRUE,pass
NA,Nate,2019,F,W,52,T,0.21,N,-160,3.68,35.7,12.1,3.8,97.3,13.4,211,31.28947368,60.78947368,1.189,2.31,Y640F,3/1/206,sanger,unk,>15%,Y,Neutropenia,MTX,1,112,CR,1,NA,NA,NA,TRUE,-160,pass,pass,52,N,MT,Y,NA,NA,31,1.0184804928131417,FALSE,FALSE,FALSE,FALSE,FALSE,FALSE,FALSE,FALSE,TRUE,pass
NA,Nate,2025,M,W,71,T,0,N,92,2.37,28,9.3,4.47,117,17.5,327,42.95302013,51.00671141,1.92,2.28,Y640F,3/22/16,sanger,unk,>15%,Y,"Neutropenia, Anemia",MTX,2,8,PR,1,NA,NA,NA,FALSE,92,pass,cbc_after_treatment_start,71,N,MT,Y,NA,NA,61,2.004106776180698,FALSE,FALSE,FALSE,FALSE,FALSE,FALSE,FALSE,FALSE,TRUE,pass
NA,Nate,2034,F,W,58,T,0.34,N,7,2.2,21.7,7.1,3.6,98.8,24.1,30,52.77777778,NA,1.9,NA,WT,unk,unk,unk,unk,Y,"Anemia, Thrombocytopenia",CSA,1,6,CR,1,NA,NA,NA,FALSE,7,pass,pass,58,N,WT,Y,NA,NA,3699,121.52772073921972,FALSE,FALSE,FALSE,FALSE,FALSE,FALSE,FALSE,FALSE,TRUE,pass
NA,Nate,2040,F,W,50,T,0.26,Y,443,NA,NA,13,2.23,90,NA,98,17.93721973,60.0896861,0.4,1.34,WT,unk,unk,unk,unk,Y,Neutropenia,MTX,unk,17,NR,1,NA,NA,NA,FALSE,443,outside_1_year_window,cbc_after_treatment_start,50,Y,WT,Y,NA,NA,382,12.550308008213552,FALSE,FALSE,FALSE,FALSE,FALSE,FALSE,FALSE,FALSE,TRUE,pass
NA,Nate,2054,F,W,71,T,0,N,NA,NA,NA,NA,NA,NA,NA,NA,NA,NA,NA,NA,Y640F,7/25/16,sanger,unk,>15%,Y,Anemia,MTX,1,1,intolerance,1,NA,NA,NA,NA,NA,missing_or_invalid_date,treated_but_missing_tx1_start_date,71,N,MT,Y,NA,NA,4063,133.48665297741272,FALSE,FALSE,FALSE,FALSE,FALSE,FALSE,FALSE,FALSE,TRUE,pass
NA,Nate,2057,M,W,73,T,0.38,N,116,2.72,27.8,8.9,13.26,102.2,18.3,142,63.7254902,20.43740573,8.45,2.71,WT,unk,unk,unk,unk,Y,Anemia,MTX,2,4,NR,2,1/27/21,NA,NA,FALSE,116,pass,pass,73,N,WT,Y,1/27/21,1/27/21,3758,123.46611909650925,FALSE,FALSE,FALSE,FALSE,FALSE,FALSE,TRUE,FALSE,FALSE,death_before_treatment
NA,Nate,2075,M,W,55,T,Y,Y,490,4.78,43,14.7,3.2,90,12.4,153,11.5625,62.5,0.37,2,WT,unk,unk,unk,unk,Y,Neutropenia,MTX,16,41,CR,1,NA,NA,NA,FALSE,490,outside_1_year_window,pass,55,Y,WT,Y,NA,NA,4520,148.50102669404518,FALSE,FALSE,FALSE,FALSE,FALSE,FALSE,FALSE,FALSE,TRUE,pass
NA,Nate,2076,F,W,64,T,unk,Y,37,6.05,35.9,11.4,4.3,59.4,19.7,182,0.023255814,2.162790698,0.001,0.093,WT,unk,unk,unk,unk,Y,Neutropenia/Anemia,MTX,1,72,CR,2,9/16/24,NA,NA,FALSE,37,pass,pass,64,Y,WT,Y,9/16/24,9/16/24,52,1.7084188911704312,FALSE,FALSE,FALSE,FALSE,FALSE,FALSE,FALSE,FALSE,TRUE,pass
NA,Nate,2078,M,W,71,T,0.47,Y,2071,3.56,30.3,10.1,0.8,85,15,42,NA,87.5,NA,0.7,D661Y,9/27/16,sanger,unk,>15%,Y,Neutropenia,CTX,68,15,PR,1,NA,NA,NA,FALSE,2071,outside_1_year_window,pass,71,Y,MT,Y,NA,NA,3553,116.73100616016427,FALSE,FALSE,FALSE,FALSE,FALSE,FALSE,FALSE,FALSE,TRUE,pass
NA,Nate,2088,M,W,30,T,unk,N,3667,NA,NA,7.8,3.5,NA,NA,82,8.571428571,NA,0.3,NA,D661Y,"10/27/16, 9/20/16","sanger, foundation one",unk,">15%, unk",Y,"Neutropenia,Anemia",MTX,1,41,PR,1,NA,NA,NA,FALSE,3667,outside_1_year_window,pass,30,N,MT,Y,NA,NA,3667,120.47638603696099,FALSE,FALSE,FALSE,FALSE,FALSE,FALSE,FALSE,FALSE,TRUE,pass
NA,Nate,2138,F,W,50,T,0.25,N,35,4.75,40,13.4,1.6,85,14.2,175,NA,63.75,NA,1.02,Y640F,7/24/17,sanger,unk,>15%,Y,Neutropenia,MTX,1,30,PR,1,NA,NA,NA,FALSE,35,pass,pass,50,N,MT,Y,NA,NA,46,1.511293634,FALSE,FALSE,FALSE,FALSE,FALSE,FALSE,FALSE,FALSE,TRUE,pass
NA,Nate,2160,F,W,54,T,0.07,Y,432,3.8,32.5,10.6,5.32,85.2,15.4,85,3.007518797,94.92481203,0.16,5.05,Y640F,7/11/17,sanger,unk,>15%,Y,Neutropenia,MTX,19,4,NR,2,NA,NA,NA,FALSE,432,outside_1_year_window,pass,54,Y,MT,Y,NA,NA,4245,139.46611909650923,FALSE,FALSE,FALSE,FALSE,FALSE,FALSE,FALSE,FALSE,TRUE,pass
NA,Nate,2221,M,W,45,T,0.6,N,46,5.49,44.5,15.3,1.62,81.1,14.8,115,NA,50.61728395,NA,0.82,Y640F,2/12/18,sanger,unk,>15%,Y,Neutropenia,MTX,2,7,NR,1,NA,NA,NA,FALSE,46,pass,pass,45,N,MT,Y,NA,NA,58,1.9055441478439425,FALSE,FALSE,FALSE,FALSE,FALSE,FALSE,FALSE,FALSE,TRUE,pass
NA,Nate,2250,M,W,47,T,0.48,N,NA,NA,NA,NA,NA,NA,NA,NA,NA,NA,NA,NA,D661Y,5/8/18,sanger,unk,>15%,Y,Neutropenia,CSA,12,5,NR,1,NA,NA,NA,NA,NA,missing_or_invalid_date,treated_but_missing_tx1_start_date,47,N,MT,Y,NA,NA,390,12.813141683778234,FALSE,FALSE,FALSE,FALSE,FALSE,FALSE,FALSE,FALSE,TRUE,pass
NA,Nate,2254,F,W,54,T,unk,Y,4711,4.73,42.7,14.4,5.5,90.3,13.5,174,27.09090909,60.18181818,1.49,3.31,Y640F,7/14/20,sanger,unk,>15%,N,NA,NA,NA,NA,NA,1,NA,NA,NA,FALSE,4711,outside_1_year_window,pass,54,Y,MT,N,NA,NA,7231,237.5687885010267,FALSE,FALSE,FALSE,FALSE,FALSE,FALSE,FALSE,FALSE,TRUE,pass
NA,Nate,2260,M,W,71,T,unk,N,1369,NA,NA,10.3,NA,NA,NA,290,NA,NA,0.95,1.75,D661Y,8/7/18,sanger,unk,>15%,Y,Anemia,MTX,36,48,PR,1,NA,NA,NA,FALSE,1369,outside_1_year_window,pass,71,N,MT,Y,NA,NA,6129,201.36344969199178,FALSE,FALSE,FALSE,FALSE,FALSE,FALSE,FALSE,FALSE,TRUE,pass
NA,Nate,2271,M,W,44,T,0.93,N,4009,NA,NA,10,NA,NA,NA,NA,NA,NA,0.49,14,D661Y,10/20/22,sanger,unk,>15%,Y,Neutropenia,MTX,1,3,NR,1,NA,NA,NA,FALSE,4009,outside_1_year_window,pass,44,N,MT,Y,NA,NA,4040,132.73100616016427,FALSE,FALSE,FALSE,FALSE,FALSE,FALSE,FALSE,FALSE,TRUE,pass
NA,Nate,2303,M,W,59,T,0.32,N,1,3.75,31.4,10.4,8.1,84,16.8,229,6.172839506,75.30864198,0.5,6.1,WT,unk,unk,unk,unk,Y,Neutropenia/Anemia,MTX,1,72,CR,3,NA,NA,NA,FALSE,1,pass,pass,59,N,WT,Y,NA,NA,5124,168.34496919917865,FALSE,FALSE,FALSE,FALSE,FALSE,FALSE,FALSE,FALSE,TRUE,pass
NA,Nate,2304,M,AA,46,T,0.4,N,45,1.77,18.9,6.9,4.2,107,16.1,43,21.42857143,47.61904762,0.9,2,WT,unk,unk,unk,unk,Y,Neutropenia/Anemia,CTX,2,4,NR,1,NA,NA,NA,FALSE,45,pass,pass,46,N,WT,Y,NA,NA,4093,134.47227926078028,FALSE,FALSE,FALSE,FALSE,FALSE,FALSE,FALSE,FALSE,TRUE,pass
NA,Nate,2307,M,W,64,T,0.66,N,65,1.99,22.5,7.5,4.92,113.1,20.1,187,27.43902439,55.69105691,1.35,2.74,Y640F,10/22/18,sanger,unk,>15%,Y,Anemia,MTX,3,3,NR,1,3/1/26,NA,NA,FALSE,65,pass,pass,64,N,MT,Y,3/1/26,3/1/26,65,2.135523613963039,FALSE,FALSE,FALSE,FALSE,FALSE,FALSE,FALSE,FALSE,TRUE,pass
NA,Nate,2308,M,W,70,T,0.1,Y,98,3.39,31.7,10.4,0.87,93.5,15.2,158,25.28735632,54.02298851,0.22,0.47,WT,unk,unk,unk,unk,Y,Neutropenia,MTX,1,4,NR,2,2/27/19,NA,NA,FALSE,98,pass,pass,70,Y,WT,Y,2/27/19,2/27/19,3031,99.58110882956879,FALSE,FALSE,FALSE,FALSE,FALSE,FALSE,TRUE,FALSE,FALSE,death_before_treatment
NA,Nate,2310,F,W,64,T,0.67,Y,2939,NA,NA,10.3,1.98,NA,NA,235,NA,NA,NA,NA,Y640F,9/18/18,sanger,UVA,>15%,Y,"Neutropenia,Anemia",MTX,1,6,PR,1,NA,NA,NA,FALSE,2939,outside_1_year_window,cbc_after_treatment_start,64,Y,MT,Y,NA,NA,47,1.5441478439425051,FALSE,FALSE,FALSE,FALSE,FALSE,FALSE,FALSE,FALSE,TRUE,pass
NA,Nate,2312,F,W,63,T,0.1,Y,9,3.64,33.4,11.4,1.5,91.8,12.3,152,44.66666667,37.33333333,0.67,0.56,WT,unk,unk,unk,unk,N,NA,NA,0,0,0,1,NA,NA,NA,FALSE,9,pass,pass,63,Y,WT,N,NA,NA,2212,72.67351129363449,FALSE,FALSE,FALSE,FALSE,FALSE,FALSE,FALSE,FALSE,TRUE,pass
NA,Nate,2314,F,W,45,T,0.95,N,NA,NA,NA,NA,NA,NA,NA,NA,NA,NA,NA,NA,D661Y,10/2/18,sanger,UVA,>15%,Y,Unk,MTX,4,36,unk,1,NA,NA,NA,NA,NA,missing_or_invalid_date,treated_but_missing_tx1_start_date,45,N,MT,Y,NA,NA,7681,252.35318275154003,FALSE,FALSE,FALSE,FALSE,FALSE,FALSE,FALSE,FALSE,TRUE,pass
NA,Nate,2316,F,W,61,T,unk,N,3,4.3,41.4,13.8,2.9,96.3,13.2,194,49.65517241,37.24137931,1.44,1.08,WT,unk,unk,unk,unk,Y,NA,MTX,0,4,unk,1,NA,NA,NA,FALSE,3,pass,pass,61,N,WT,Y,NA,NA,2939,96.55852156057495,FALSE,FALSE,FALSE,FALSE,FALSE,FALSE,FALSE,FALSE,TRUE,pass
NA,Nate,2319,M,W,59,T,unk,Y,2594,4.88,41.3,13.8,1.3,84.6,14.6,151,17,60,0.221,0.78,WT,unk,unk,unk,unk,Y,Neutropenia,MTX,108,53,CR,1,NA,NA,NA,FALSE,2594,outside_1_year_window,pass,59,Y,WT,Y,NA,NA,3437,112.91991786447639,FALSE,FALSE,FALSE,FALSE,FALSE,FALSE,FALSE,FALSE,TRUE,pass
NA,Nate,2328,M,W,58,T,0.76,N,95,4.6,41,14,7.7,89,13.7,148,8.051948052,50,0.62,3.85,Y640F,11/18/26,sanger,unk,>15%,Y,Neutropenia,MTX,3,16,NR,1,NA,NA,NA,FALSE,95,pass,pass,58,N,MT,Y,NA,NA,95,3.1211498973305956,FALSE,FALSE,FALSE,FALSE,FALSE,FALSE,FALSE,FALSE,TRUE,pass
NA,Nate,2329,F,W,51,T,0.65,N,1721,5.01,46.4,14.6,6.6,93,15.8,280,12.12121212,86.36363636,0.8,5.7,WT,unk,unk,unk,unk,Y,Neutropenia,MTX,72,28,CR,1,NA,NA,NA,FALSE,1721,outside_1_year_window,pass,51,N,WT,Y,NA,NA,1734,56.969199178644764,FALSE,FALSE,FALSE,FALSE,FALSE,FALSE,FALSE,FALSE,TRUE,pass
NA,Nate,2341,M,O,82,T,0.45,N,2939,NA,NA,10.8,3.2,NA,NA,193,6.875,NA,0.22,NA,WT,unk,unk,unk,unk,Y,Neutropenia,MTX,1,4,NR,1,NA,NA,NA,FALSE,2939,outside_1_year_window,cbc_after_treatment_start,82,N,WT,Y,NA,NA,59,1.9383983572895278,FALSE,FALSE,FALSE,FALSE,FALSE,FALSE,FALSE,FALSE,TRUE,pass
NA,Nate,2342,M,W,56,T,0.91,Y,7,4.25,40.8,14.2,14.3,96,14.3,272,15.03496503,80.97902098,2.15,11.58,WT,unk,unk,unk,unk,N,NA,NA,NA,NA,NA,1,NA,NA,NA,FALSE,7,pass,pass,56,Y,WT,N,NA,NA,3188,104.73921971252567,FALSE,FALSE,FALSE,FALSE,FALSE,FALSE,FALSE,FALSE,TRUE,pass
NA,Nate,2343,M,Unk,60,T,0.78,N,89,1.68,18.8,6.6,2,112,19.2,226,24.5,53,0.49,1.06,D661Y,1/5/19,Sanger,0,>15%,Y,"Anemia, Neutropenia",MTX,1,5,NR,1,NA,NA,NA,FALSE,89,pass,pass,60,N,MT,Y,NA,NA,104,3.4168377823408624,FALSE,FALSE,FALSE,FALSE,FALSE,FALSE,FALSE,FALSE,TRUE,pass
NA,Nate,2345,M,W,69,T,0.54,Y,26,2.4,27.3,9.2,5.68,113.9,16.8,251,43.13380282,43.13380282,2.45,2.45,0,1/0/00,0,0,0,Y,Anemia,MTX,23,54,CR,1,NA,NA,NA,FALSE,26,pass,pass,69,Y,NA,Y,NA,NA,704,23.129363449691994,FALSE,FALSE,FALSE,FALSE,FALSE,FALSE,FALSE,FALSE,TRUE,pass
NA,Nate,2346,M,W,53,T,unk,N,91,4.67,41.4,14.1,3,88.7,14.2,186,16.66666667,73.33333333,0.5,2.2,WT,NA,NA,NA,NA,Y,Neutropenia,MTX,0,5,NR,1,NA,NA,NA,FALSE,91,pass,cbc_after_treatment_start,53,N,WT,Y,NA,NA,27,0.8870636550308009,FALSE,FALSE,FALSE,FALSE,FALSE,FALSE,FALSE,FALSE,TRUE,pass
NA,Nate,2364,F,W,56,T,0.49,Y,-12,2.74,25.3,8.2,1.37,92.3,15.5,64,2.189781022,72.26277372,0.03,0.99,WT,NA,NA,NA,NA,Y,"Neutropenia, Anemia",MTX,1,52,PR,1,NA,NA,NA,TRUE,-12,pass,pass,56,Y,WT,Y,NA,NA,30,0.9856262833675564,FALSE,FALSE,FALSE,FALSE,FALSE,FALSE,FALSE,FALSE,TRUE,pass
NA,Nate,2366,F,W,60,T,0.38,N,2,4.71,40.6,13.3,3.2,86.2,42.9,218,15.625,81.25,0.5,2.6,Y640F,3/5/19,Sanger,NA,>15%,Y,Neutropenia,CSA,2,24,PR,1,NA,NA,NA,FALSE,2,pass,pass,60,N,MT,Y,NA,NA,78,2.5626283367556466,FALSE,FALSE,FALSE,FALSE,FALSE,FALSE,FALSE,FALSE,TRUE,pass
NA,Nate,2368,M,W,60,T,0.39,N,0,2.69,30,10.7,1.25,111.4,15.8,126,65.6,24.8,0.82,0.31,WT,NA,NA,NA,NA,Y,Neutropenia,MTX,4,24,NR,1,NA,NA,NA,FALSE,0,pass,pass,60,N,WT,Y,NA,NA,15,0.4928131416837782,FALSE,FALSE,FALSE,FALSE,FALSE,FALSE,FALSE,FALSE,TRUE,pass
NA,Nate,2377,M,W,55,T,0.26,N,4239,3.11,26.7,9.2,0.9,85.9,14.9,125,31.11111111,40,0.28,0.36,Y640F,4/9/19,Sanger,0,>15%,Y,Anemia,MTX,72,3,NR,2,2/29/20,NA,NA,FALSE,4239,outside_1_year_window,cbc_after_treatment_start,55,N,MT,Y,2/29/20,2/29/20,2191,71.9835729,FALSE,FALSE,FALSE,FALSE,FALSE,FALSE,FALSE,FALSE,TRUE,pass
NA,Nate,2506,M,O,66,T,0.206,N,98,4.34,42,14.1,3.77,96.8,16.4,160,11.14058355,76.12732095,0.42,2.87,D661Y,7/2/20,Sanger,0,>15%,Y,Neutropenia,CTX,27,4,NR,1,NA,NA,NA,FALSE,98,pass,pass,66,N,MT,Y,NA,NA,511,16.788501026694046,FALSE,FALSE,FALSE,FALSE,FALSE,FALSE,FALSE,FALSE,TRUE,pass
NA,Nate,2515,F,W,52,T,0.67,N,4986,4.2,38.7,12.7,7.55,92.1,18.2,191,4.105960265,69.8013245,0.31,5.27,WT,NA,NA,NA,NA,Y,Neutropenia,MTX,0,5,NR,1,NA,NA,NA,FALSE,4986,outside_1_year_window,cbc_after_treatment_start,52,N,WT,Y,NA,NA,4640,152.44353182751541,FALSE,FALSE,FALSE,FALSE,FALSE,FALSE,FALSE,FALSE,TRUE,pass
NA,Nate,2519,F,W,69,T,0,Y,NA,NA,NA,NA,NA,NA,NA,NA,NA,NA,NA,NA,0,1/0/00,0,0,0,0,0,0,0,0,0,1,NA,NA,NA,NA,NA,missing_or_invalid_date,missing_or_unclear_ever_tx,69,Y,NA,NA,NA,NA,NA,NA,FALSE,FALSE,FALSE,TRUE,NA,NA,FALSE,FALSE,FALSE,Ever_Tx_unclear
NA,Nate,2521,M,AA,44,T,0.61,N,1600,2.03,22.5,7.4,16.6,110.8,NA,28,63.79518072,25.72289157,10.59,4.27,WT,NA,NA,NA,NA,Y,"Anemia, Thrombocytopenia",MTX,0,4,CR,1,NA,NA,NA,FALSE,1600,outside_1_year_window,cbc_after_treatment_start,44,N,WT,Y,NA,NA,153,5.026694045174538,FALSE,FALSE,FALSE,FALSE,FALSE,FALSE,FALSE,FALSE,TRUE,pass
NA,Nate,2522,M,W,62,T,0.28,N,-17,5.02,45.1,15.6,2.8,89,13.3,130,7.142857143,71.42857143,0.2,2,WT,NA,NA,NA,NA,Y,Neutropenia,MTX,6,9,PR,1,NA,NA,NA,TRUE,-17,pass,pass,62,N,WT,Y,NA,NA,184,6.045174538,FALSE,FALSE,FALSE,FALSE,FALSE,FALSE,FALSE,FALSE,TRUE,pass
NA,Nate,2524,M,W,51,T,0.82,Y,2,4.9,41.9,12.8,12.9,85,22.9,187,3.100775194,86.82170543,0.4,11.2,Y640F,8/25/20,Sanger,0,>15%,Y,Neutropenia,MTX,0,47,CR,1,NA,NA,NA,FALSE,2,pass,cbc_after_treatment_start,51,Y,MT,Y,NA,NA,0,0,FALSE,FALSE,FALSE,FALSE,FALSE,FALSE,FALSE,FALSE,TRUE,pass
NA,Nate,2528,M,W,46,T,0.4,N,137,3.15,31.5,10.8,2.7,100,16,204,31.85185185,50,0.86,1.35,Y640F,9/15/20,Sanger,0,>15%,Y,"Neutropenia, Anemia",MTX,5,35,CR,1,NA,NA,NA,FALSE,137,pass,pass,46,N,MT,Y,NA,NA,153,5.026694045174538,FALSE,FALSE,FALSE,FALSE,FALSE,FALSE,FALSE,FALSE,TRUE,pass
NA,Nate,2541,F,W,57,T,0.29,N,-160,4.14,38.8,13.2,2.1,94,47.8,252,9.523809524,85.71428571,0.2,1.8,WT,NA,NA,NA,NA,Y,Neutropenia,MTX,0,15,PR,1,NA,NA,NA,TRUE,-160,pass,pass,57,N,WT,Y,NA,NA,104,3.4168377823408624,FALSE,FALSE,FALSE,FALSE,FALSE,FALSE,FALSE,FALSE,TRUE,pass
NA,Nate,2553,F,AA,65,T,0.5,N,410,2.94,25,8.2,8.19,85,14.3,275,62.39316239,31.25763126,5.11,2.56,WT,NA,NA,NA,NA,Y,Anemia,CSA,0,1,NR,1,NA,NA,NA,FALSE,410,outside_1_year_window,cbc_after_treatment_start,65,N,WT,Y,NA,NA,30,0.9856262833675564,FALSE,FALSE,FALSE,FALSE,FALSE,FALSE,FALSE,FALSE,TRUE,pass
NA,Nate,2572,M,AA,68,T,0.49,N,-28,4.77,39.7,12.5,8.93,83.2,18.8,5,64.7256439,25.19596865,5.78,2.25,WT,NA,NA,NA,NA,Y,Thrombocytopenia,MTX,2,24,NR,2,9/28/23,NA,NA,TRUE,-28,pass,pass,68,N,WT,Y,9/28/23,9/28/23,25,0.8213552361396304,FALSE,FALSE,FALSE,FALSE,FALSE,FALSE,FALSE,FALSE,TRUE,pass
NA,Nate,2573,M,W,56,T,Unk,N,-649,2.33,23.5,7.8,2.4,100.9,24.6,245,8.333333333,75,0.2,1.8,WT,NA,NA,NA,NA,Y,"Anemia, Neutropenia",CTX,2,7,CR,1,NA,NA,NA,TRUE,-649,outside_1_year_window,pass,56,N,WT,Y,NA,NA,-635,-20.862423,FALSE,FALSE,FALSE,FALSE,FALSE,FALSE,FALSE,TRUE,FALSE,negative_time
NA,Nate,2581,M,W,74,T,0.85,N,-1,3.37,32,10.4,4.08,95,17.2,146,12.5,73.7745098,0.51,3.01,WT,NA,NA,NA,NA,Y,"Anemia, Neutropenia",MTX,20,4,NR,1,NA,NA,NA,TRUE,-1,pass,pass,74,N,WT,Y,NA,NA,512,16.82135523613963,FALSE,FALSE,FALSE,FALSE,FALSE,FALSE,FALSE,FALSE,TRUE,pass
NA,Nate,2591,F,Unk,29,T,Unk,N,-35,2.26,23,7.5,2.9,101.8,16.4,147,24.13793103,65.51724138,0.7,1.9,D661Y,5/6/21,Sanger,0,>15%,Y,"Anemia, Neutropenia",MTX,0,22,NR,1,NA,NA,NA,TRUE,-35,pass,pass,29,N,MT,Y,NA,NA,108,3.5482546201232035,FALSE,FALSE,FALSE,FALSE,FALSE,FALSE,FALSE,FALSE,TRUE,pass
NA,Nate,2598,F,W,50,T,0.44,N,7390,3.3,33.4,11.4,4.1,100.9,14.7,82,25.12195122,64.87804878,1.03,2.66,WT,NA,NA,NA,NA,Y,Neutropenia,MTX,0,84,PR,1,NA,NA,NA,FALSE,7390,outside_1_year_window,cbc_after_treatment_start,50,N,WT,Y,NA,NA,4293,141.04312114989733,FALSE,FALSE,FALSE,FALSE,FALSE,FALSE,FALSE,FALSE,TRUE,pass
NA,Nate,2599,F,W,74,T,0.82,N,49,4.31,39.9,12.2,2.28,92.6,14.8,32,7.894736842,78.50877193,0.18,1.79,Y640F,NA,NA,NA,NA,Y,"Anemia, Neutropenia",MTX,0,3,NR,2,8/25/21,NA,NA,FALSE,49,pass,pass,74,N,MT,Y,8/25/21,8/25/21,78,2.5626283367556466,FALSE,FALSE,FALSE,FALSE,FALSE,FALSE,FALSE,FALSE,TRUE,pass
NA,Nate,2602,M,W,64,T,0.925,N,-8,2.48,24.9,8.8,7.5,100,17.7,154,18.66666667,73.33333333,1.4,5.5,Y640F,10/16/21,Sanger,0,>15%,Y,Anemia,MTX,0,1,NR,1,NA,NA,NA,TRUE,-8,pass,pass,64,N,MT,Y,NA,NA,9,0.29568788501026694,FALSE,FALSE,FALSE,FALSE,FALSE,FALSE,FALSE,FALSE,TRUE,pass
NA,Nate,2603,M,W,43,T,0.52,N,8,4.41,38.2,11.7,8.46,86.6,19.5,298,74.58628842,21.39479905,6.31,1.81,WT,NA,NA,NA,NA,Y,Other,CSA,0,48,CR,1,NA,NA,NA,FALSE,8,pass,cbc_after_treatment_start,43,N,WT,Y,NA,NA,0,0,FALSE,FALSE,FALSE,FALSE,FALSE,FALSE,FALSE,FALSE,TRUE,pass
NA,Nate,2604,M,W,52,T,0.63,N,61,2.37,20.5,7.3,2.72,86.5,14.1,134,30.14705882,56.25,0.82,1.53,WT,NA,NA,NA,NA,Y,"Anemia, Neutropenia",MTX,0,5,NR,1,NA,NA,NA,FALSE,61,pass,cbc_after_treatment_start,52,N,WT,Y,NA,NA,30,0.9856262833675564,FALSE,FALSE,FALSE,FALSE,FALSE,FALSE,FALSE,FALSE,TRUE,pass
NA,Nate,2610,M,W,58,T,0.49,N,148,5.223,43.3,15.1,3.36,82.8,16.1,103,36.30952381,39.28571429,1.22,1.32,WT,NA,NA,NA,NA,Y,Neutropenia,MTX,0,10,NR,1,NA,NA,NA,FALSE,148,pass,cbc_after_treatment_start,58,N,WT,Y,NA,NA,44,1.4455852156057496,FALSE,FALSE,FALSE,FALSE,FALSE,FALSE,FALSE,FALSE,TRUE,pass
NA,Nate,2613,M,W,71,T,0.3,N,733,3.99,40.9,13.7,1.1,103,13,121,NA,54.54545455,NA,0.6,WT,NA,NA,NA,NA,Y,"Neutropenia, Thrombocytopenia",CTX,0,6,CR,2,12/5/23,NA,NA,FALSE,733,outside_1_year_window,pass,71,N,WT,Y,12/5/23,12/5/23,823,27.039014373716633,FALSE,FALSE,FALSE,FALSE,FALSE,FALSE,FALSE,FALSE,TRUE,pass
NA,Nate,2620,M,Unk,71,T,Unk,N,-17,3.55,32,10,4.73,90.1,15.9,59,67.86469345,11.62790698,3.21,0.55,WT,NA,NA,NA,NA,Y,"Anemia, Thrombocytopenia",CTX,0,9,PR,1,NA,NA,NA,TRUE,-17,pass,pass,71,N,WT,Y,NA,NA,30,0.9856262833675564,FALSE,FALSE,FALSE,FALSE,FALSE,FALSE,FALSE,FALSE,TRUE,pass
NA,Nate,2624,M,W,74,T,Unk,N,34,2.4,28,9.2,4.8,115,17.7,177,33.54166667,54.79166667,1.61,2.63,WT,NA,NA,NA,NA,Y,Anemia,MTX,0,12,NR,1,NA,NA,NA,FALSE,34,pass,cbc_after_treatment_start,74,N,WT,Y,NA,NA,29,0.9527720739219713,FALSE,FALSE,FALSE,FALSE,FALSE,FALSE,FALSE,FALSE,TRUE,pass
NA,Nate,2625,M,W,84,T,0.32,N,-2,2.3,22.6,7.4,4.9,98.3,15,294,68.7755102,18.57142857,3.37,0.91,WT,NA,NA,NA,NA,Y,Anemia,MTX,0,6,PR,2,5/5/22,NA,NA,TRUE,-2,pass,pass,84,N,WT,Y,5/5/22,5/5/22,31,1.0184804928131417,FALSE,FALSE,FALSE,FALSE,FALSE,FALSE,FALSE,FALSE,TRUE,pass
NA,Nate,2626,F,W,44,T,0.56,Y,126,3.72,33.6,11.2,4.48,90.3,19.9,159,18.97321429,66.96428571,0.85,3,D661Y,8/20/21,Sanger,0,>15%,Y,Neutropenia,MTX,1,36,CR,1,NA,NA,NA,FALSE,126,pass,cbc_after_treatment_start,44,Y,MT,Y,NA,NA,45,1.4784394250513346,FALSE,FALSE,FALSE,FALSE,FALSE,FALSE,FALSE,FALSE,TRUE,pass
NA,Nate,2630,F,Unk,54,T,0.6,N,5520,2.93,29.7,9.8,8.3,101.7,16.4,312,4.819277108,87.95180723,0.4,7.3,WT,NA,NA,NA,NA,Y,"Anemia, Neutropenia",MTX,4,5,NR,1,NA,NA,NA,FALSE,5520,outside_1_year_window,pass,54,N,WT,Y,NA,NA,6330,207.9671457905544,FALSE,FALSE,FALSE,FALSE,FALSE,FALSE,FALSE,FALSE,TRUE,pass
NA,Nate,2636,F,As,17,T,0.6,N,30,4.17,32.9,10.9,4.4,79,15.6,165,1.590909091,80.68181818,0.07,3.55,WT,NA,NA,NA,NA,Y,Neutropenia,MTX,24,40,NR,1,NA,NA,NA,FALSE,30,pass,pass,17,N,WT,Y,NA,NA,700,22.99794661190965,FALSE,FALSE,FALSE,FALSE,FALSE,FALSE,FALSE,FALSE,TRUE,pass
NA,Nate,2639,F,W,56,T,0.27,N,152,3.08,27.1,8.4,2.64,88,17.6,190,15.90909091,51.89393939,0.42,1.37,WT,NA,NA,NA,NA,Y,"Anemia, Neutropenia",MTX,6,9,NR,2,8/24/24,NA,NA,FALSE,152,pass,pass,56,N,WT,Y,8/24/24,8/24/24,183,6.012320328542095,FALSE,FALSE,FALSE,FALSE,FALSE,FALSE,FALSE,FALSE,TRUE,pass
NA,Nate,2640,M,W,59,T,0.52,N,8,2.8,31.5,10.4,8.6,112.6,16.1,335,10.46511628,82.55813953,0.9,7.1,WT,NA,NA,NA,NA,Y,Neutropenia,MTX,1,40,CR,1,NA,NA,NA,FALSE,8,pass,pass,59,N,WT,Y,NA,NA,21,0.6899383983572895,FALSE,FALSE,FALSE,FALSE,FALSE,FALSE,FALSE,FALSE,TRUE,pass
NA,Nate,2642,F,AA,64,T,0.179,N,-35,2.2,19.5,6.4,4.13,88.6,13.5,278,70.46004843,24.69733656,2.91,1.02,WT,NA,NA,NA,NA,Y,Anemia,MTX,1,3,NR,1,NA,NA,NA,TRUE,-35,pass,pass,64,N,WT,Y,NA,NA,-31,-1.018480493,FALSE,FALSE,FALSE,FALSE,FALSE,FALSE,FALSE,TRUE,FALSE,negative_time
NA,Nate,2644,F,W,51,T,0.25,Y,75,3.84,36,11.9,2.11,93.8,14.5,191,18.00947867,54.97630332,0.38,1.16,WT,NA,NA,NA,NA,Y,Neutropenia,MTX,3,5,NR,1,NA,NA,NA,FALSE,75,pass,pass,51,Y,WT,Y,NA,NA,102,3.351129363449692,FALSE,FALSE,FALSE,FALSE,FALSE,FALSE,FALSE,FALSE,TRUE,pass
NA,Nate,2651,F,W,46,T,0.56,Y,72,4.24,38.7,12.7,2.07,91.3,15.9,180,27.53623188,49.27536232,0.57,1.02,WT,NA,NA,NA,NA,Y,Neutropenia,CTX,0.5,6,NR,1,NA,NA,NA,FALSE,72,pass,cbc_after_treatment_start,46,Y,WT,Y,NA,NA,15,0.4928131416837782,FALSE,FALSE,FALSE,FALSE,FALSE,FALSE,FALSE,FALSE,TRUE,pass
NA,Nate,2654,M,W,65,T,0.7,Y,-4,3.2,33,10.8,7.2,103.1,18.4,230,16.66666667,75,1.2,5.4,D661Y,10/12/21,Sanger,0,>15%,Y,Neutropenia,MTX,4,1,NR,1,NA,NA,NA,TRUE,-4,pass,pass,65,Y,MT,Y,NA,NA,139,4.566735112936345,FALSE,FALSE,FALSE,FALSE,FALSE,FALSE,FALSE,FALSE,TRUE,pass
NA,Nate,2657,M,W,43,T,0.87,N,1,2.51,26.7,9.5,12.6,106.5,14.7,418,5,86.98412698,0.63,10.96,WT,NA,NA,NA,NA,Y,Anemia,MTX,2,2,NR,1,NA,NA,NA,FALSE,1,pass,pass,43,N,WT,Y,NA,NA,62,2.0369609856262834,FALSE,FALSE,FALSE,FALSE,FALSE,FALSE,FALSE,FALSE,TRUE,pass
NA,Nate,2658,F,W,61,T,0.22,N,17,4.94,43.9,15.2,13.22,88.7,13.6,267,69.96974281,25.03782148,9.25,3.31,WT,NA,NA,NA,NA,Y,"Other (Arthritis, B Symptoms)",MTX,19,0.5,NR,2,11/3/25,NA,NA,FALSE,17,pass,pass,61,N,WT,Y,11/3/25,11/3/25,614,20.17248459958932,FALSE,FALSE,FALSE,FALSE,FALSE,FALSE,FALSE,FALSE,TRUE,pass
NA,Nate,2660,M,W,60,T,0.68,Y,79,3.94,36.2,11.6,4.24,91.9,16.1,154,2.594339623,87.5,0.11,3.71,D661Y,10/19/21,Sanger,NA,>15%,Y,Neutropenia,CTX,11,1,NR,2,8/5/22,NA,NA,FALSE,79,pass,pass,60,Y,MT,Y,8/5/22,8/5/22,339,11.137577002053389,FALSE,FALSE,FALSE,FALSE,FALSE,FALSE,FALSE,FALSE,TRUE,pass
NA,Nate,2662,F,W,47,T,0,0,NA,NA,NA,NA,NA,NA,NA,NA,NA,NA,NA,NA,0,1/0/00,0,0,0,0,0,0,0,0,0,1,NA,NA,NA,NA,NA,missing_or_invalid_date,missing_or_unclear_ever_tx,47,0,NA,NA,NA,NA,NA,NA,FALSE,FALSE,FALSE,TRUE,NA,NA,FALSE,FALSE,FALSE,Ever_Tx_unclear
NA,Nate,2665,M,W,66,T,0.22,Y,178,4.36,36.3,11.3,6.41,83.3,17,169,83.15132605,7.644305772,5.33,0.49,WT,NA,NA,NA,NA,N,NA,NA,NA,NA,0,2,10/1/25,NA,NA,FALSE,178,pass,pass,66,Y,WT,N,10/1/25,10/1/25,1494,49.08418891170431,FALSE,FALSE,FALSE,FALSE,FALSE,FALSE,FALSE,FALSE,TRUE,pass
NA,Nate,2666,M,W,77,T,0.89,N,893,2.41,27.8,9.4,5.82,115.4,17.7,131,14.7766323,77.14776632,0.86,4.49,WT,NA,NA,NA,NA,Y,Anemia,MTX,24,29,CR,1,NA,NA,NA,FALSE,893,outside_1_year_window,cbc_after_treatment_start,77,N,WT,Y,NA,NA,731,24.016427104722794,FALSE,FALSE,FALSE,FALSE,FALSE,FALSE,FALSE,FALSE,TRUE,pass
NA,Nate,2667,F,W,44,T,0.35,N,13,3.37,34.1,11.4,2.6,101,12.3,163,26.92307692,69.23076923,0.7,1.8,WT,NA,NA,NA,NA,Y,Neutropenia,MTX,3,7,CR,1,NA,NA,NA,FALSE,13,pass,pass,44,N,WT,Y,NA,NA,92,3.022587269,FALSE,FALSE,FALSE,FALSE,FALSE,FALSE,FALSE,FALSE,TRUE,pass
NA,Nate,2671,F,W,49,T,0.25,N,107,4.85,41.2,13.8,1.76,84.9,12.4,217,15.90909091,61.36363636,0.28,1.08,Y640F,11/16/21,Sanger,NA,>15%,Y,Neutropenia,MTX,3,8,CR,1,NA,NA,NA,FALSE,107,pass,pass,49,N,MT,Y,NA,NA,107,3.515400410677618,FALSE,FALSE,FALSE,FALSE,FALSE,FALSE,FALSE,FALSE,TRUE,pass
NA,Nate,2695,F,W,63,T,0.3115,Y,19,2.26,22.3,7.7,1,99,22.4,32,30,70,0.3,0.7,WT,NA,NA,NA,NA,Y,"Anemia, Neutropenia, Thrombocytopenia",CTX,2,7,PR,1,NA,NA,NA,FALSE,19,pass,pass,63,Y,WT,Y,NA,NA,92,3.022587269,FALSE,FALSE,FALSE,FALSE,FALSE,FALSE,FALSE,FALSE,TRUE,pass
NA,Nate,2702,F,W,62,T,0.63,Y,108,3.64,33.8,11.6,1.33,92.9,14.9,36,51.87969925,31.57894737,0.69,0.42,WT,NA,NA,NA,NA,Y,"Neutropenia, Thrombocytopenia",MTX,4,4,NR,1,NA,NA,NA,FALSE,108,pass,cbc_after_treatment_start,62,Y,WT,Y,NA,NA,-242,-7.950718686,FALSE,FALSE,FALSE,FALSE,FALSE,FALSE,FALSE,TRUE,FALSE,negative_time
NA,Nate,2703,F,W,63,T,0.38,Y,52,5.05,44.6,15,3.06,88.3,14.1,149,6.209150327,70.26143791,0.19,2.15,WT,NA,NA,NA,NA,Y,Neutropenia,MTX,1,25,CR,1,NA,NA,NA,FALSE,52,pass,pass,63,Y,WT,Y,NA,NA,66,2.1683778234086244,FALSE,FALSE,FALSE,FALSE,FALSE,FALSE,FALSE,FALSE,TRUE,pass
NA,Nate,2705,F,W,51,T,0.1,Y,23,4.16,38.8,12.1,5.27,93.3,14.9,289,1.138519924,69.25996205,0.06,3.65,WT,NA,NA,NA,NA,Y,Neutropenia,MTX,1,16,NR,1,NA,NA,NA,FALSE,23,pass,pass,51,Y,WT,Y,NA,NA,31,1.0184804928131417,FALSE,FALSE,FALSE,FALSE,FALSE,FALSE,FALSE,FALSE,TRUE,pass
NA,Nate,2706,M,W,51,T,0.01,N,0,5.35,47.1,16.5,14.64,88,12,181,3.620218579,86.95355191,0.53,12.73,WT,NA,NA,NA,NA,Y,Neutropenia,MTX,20,9,NR,2,11/3/25,NA,NA,FALSE,0,pass,pass,51,N,WT,Y,11/3/25,11/3/25,644,21.15811088295688,FALSE,FALSE,FALSE,FALSE,FALSE,FALSE,FALSE,FALSE,TRUE,pass
NA,Nate,2710,M,W,61,T,Unclear/not specifically reported,N,200,3.11,28.5,9.7,1.56,92,14,39,1.282051282,78.20512821,0.02,1.22,WT,NA,NA,NA,NA,Y,"Anemia, Neutropenia, Thrombocytopenia",MTX,0,6,NR,2,10/15/24,NA,NA,FALSE,200,pass,cbc_after_treatment_start,61,N,WT,Y,10/15/24,10/15/24,-365,-11.99178645,FALSE,FALSE,FALSE,FALSE,FALSE,FALSE,FALSE,TRUE,FALSE,negative_time
NA,Nate,2711,F,W,58,T,0.71,N,0,5.31,42.5,13.9,4,80,14.6,179,7.5,70,0.3,2.8,D661Y,3/22/22,Sanger,0,>15%,Y,Neutropenia,MTX,6,6,NR,1,NA,NA,NA,FALSE,0,pass,pass,58,N,MT,Y,NA,NA,178,5.848049281314168,FALSE,FALSE,FALSE,FALSE,FALSE,FALSE,FALSE,FALSE,TRUE,pass
NA,Nate,2718,M,W,53,T,0.409,N,18,3.4,33.6,11.7,2.1,98,14.9,117,47.61904762,47.61904762,1,1,WT,NA,NA,NA,NA,Y,"Anemia, Neutropenia",MTX,5,4,NR,2,11/27/23,NA,NA,FALSE,18,pass,pass,53,N,WT,Y,11/27/23,11/27/23,179,5.880903490759754,FALSE,FALSE,FALSE,FALSE,FALSE,FALSE,FALSE,FALSE,TRUE,pass
NA,Nate,2719,M,W,69,T,Unclear/not specifically reported,N,-44,NA,NA,NA,1.8,NA,NA,161,27.77777778,NA,0.5,NA,WT,NA,NA,NA,NA,Y,Neutropenia,MTX,21,8,NR,1,NA,NA,NA,TRUE,-44,pass,pass,69,N,WT,Y,NA,NA,638,20.960985626283367,FALSE,FALSE,FALSE,FALSE,FALSE,FALSE,FALSE,FALSE,TRUE,pass
NA,Nate,2728,F,W,65,T,0.52,Y,1698,4.52,42,14.5,3.32,92.9,14.3,218,30.72289157,47.28915663,1.02,1.57,WT,NA,NA,NA,NA,Y,Neutropenia,MTX,1,84,CR,1,NA,NA,NA,FALSE,1698,outside_1_year_window,cbc_after_treatment_start,65,Y,WT,Y,NA,NA,30,0.9856262833675564,FALSE,FALSE,FALSE,FALSE,FALSE,FALSE,FALSE,FALSE,TRUE,pass
NA,Nate,2730,F,W,83,T,0.66,N,60,2.21,22.9,7.4,6.82,103.6,29.1,317,46.33431085,41.7888563,3.16,2.85,WT,NA,NA,NA,NA,Y,Anemia,CTX,2,11,CR,1,NA,NA,NA,FALSE,60,pass,pass,83,N,WT,Y,NA,NA,70,2.299794661190965,FALSE,FALSE,FALSE,FALSE,FALSE,FALSE,FALSE,FALSE,TRUE,pass
NA,Nate,2738,F,W,56,T,0.54,N,9,3.51,35.9,11.7,5.9,102,12.6,424,1.694915254,91.52542373,0.1,5.4,WT,NA,NA,NA,NA,Y,Neutropenia,MTX,4,26,CR,1,NA,NA,NA,FALSE,9,pass,pass,56,N,WT,Y,NA,NA,120,3.9425051334702257,FALSE,FALSE,FALSE,FALSE,FALSE,FALSE,FALSE,FALSE,TRUE,pass
NA,Nate,2744,F,W,73,T,0.64,N,-2,4.22,34.3,12.1,2.3,81.3,12.4,328,6.086956522,72.17391304,0.14,1.66,WT,NA,NA,NA,NA,Y,Neutropenia,MTX,0,40,CR,1,NA,NA,NA,TRUE,-2,pass,pass,73,N,WT,Y,NA,NA,45,1.4784394250513346,FALSE,FALSE,FALSE,FALSE,FALSE,FALSE,FALSE,FALSE,TRUE,pass
NA,Nate,2753,F,W,73,T,0.49,N,-3,4.4,40.9,12.8,2.9,93.4,13.7,170,26.89655172,63.10344828,0.78,1.83,WT,NA,NA,NA,NA,Y,Neutropenia,MTX,25,6,NR,1,NA,NA,NA,TRUE,-3,pass,pass,73,N,WT,Y,NA,NA,486,15.967145790554415,FALSE,FALSE,FALSE,FALSE,FALSE,FALSE,FALSE,FALSE,TRUE,pass
NA,Nate,2754,F,W,63,T,0.18,N,-2,1.27,15.4,5.1,3.8,121.3,18,309,70,17.36842105,2.66,0.66,WT,NA,NA,NA,NA,Y,"Anemia, Neutropenia",MTX,3,5,NR,1,NA,NA,NA,TRUE,-2,pass,pass,63,N,WT,Y,NA,NA,82,2.6940451745379876,FALSE,FALSE,FALSE,FALSE,FALSE,FALSE,FALSE,FALSE,TRUE,pass
NA,Nate,2760,F,W,57,T,0.94,N,-33,3.07,27.2,9.2,6.5,89,16.4,131,18.46153846,72.30769231,1.2,4.7,WT,NA,NA,NA,NA,Y,Anemia,CTX,7,2,Unk,1,NA,NA,NA,TRUE,-33,pass,pass,57,N,WT,Y,NA,NA,212,6.965092402464066,FALSE,FALSE,FALSE,FALSE,FALSE,FALSE,FALSE,FALSE,TRUE,pass
NA,Nate,2768,M,W,75,T,0.95,N,132,3.36,35.7,12.1,11.8,106.3,18.7,90,3.983050847,90,0.47,10.62,WT,NA,NA,NA,NA,Y,"Anemia, Neutropenia",MTX,14,9,PR,1,NA,NA,NA,FALSE,132,pass,pass,75,N,WT,Y,NA,NA,426,13.995893223819301,FALSE,FALSE,FALSE,FALSE,FALSE,FALSE,FALSE,FALSE,TRUE,pass
NA,Nate,2769,M,W,60,T,0.545,N,5,NA,21.5,7.7,19.8,100.5,19.9,356,16.16161616,83.98989899,3.2,16.63,WT,NA,NA,NA,NA,Y,Anemia,MTX,1,4,NR,1,NA,NA,NA,FALSE,5,pass,pass,60,N,WT,Y,NA,NA,31,1.0184804928131417,FALSE,FALSE,FALSE,FALSE,FALSE,FALSE,FALSE,FALSE,TRUE,pass
NA,Nate,2779,M,W,63,T,0.64,N,6,NA,43,14.2,1.4,89.8,NA,172,21.42857143,71.42857143,0.3,1,WT,NA,NA,NA,NA,Y,Neutropenia,CSA,1,48,CR,1,NA,NA,NA,FALSE,6,pass,pass,63,N,WT,Y,NA,NA,30,0.9856262833675564,FALSE,FALSE,FALSE,FALSE,FALSE,FALSE,FALSE,FALSE,TRUE,pass
NA,Nate,2782,F,W,43,T,0.79,N,137,3.2,34.3,11.2,6.84,107.2,21.2,104,13.01169591,70.02923977,0.89,4.79,WT,NA,NA,NA,NA,Y,"Anemia, Neutropenia, Thrombocytopenia",MTX,5,7,NR,1,NA,NA,NA,FALSE,137,pass,pass,43,N,WT,Y,NA,NA,200,6.570841889117043,FALSE,FALSE,FALSE,FALSE,FALSE,FALSE,FALSE,FALSE,TRUE,pass
NA,Nate,2784,M,W,24,T,0.69,N,45,5.18,44.3,15.4,7.56,85.5,14.1,147,37.43386243,51.05820106,2.83,3.86,D661Y,11/29/22,"Sanger, NeoGenomics",NA,0.314,Y,Neutropenia,MTX,1,42,CR,1,NA,NA,NA,FALSE,45,pass,cbc_after_treatment_start,24,N,MT,Y,NA,NA,-14,-0.459958932,FALSE,FALSE,FALSE,FALSE,FALSE,FALSE,FALSE,TRUE,FALSE,negative_time
NA,Nate,2789,F,W,35,T,0.47,N,163,2.31,24.9,8.5,3.3,107.6,16.4,323,15.15151515,72.72727273,0.5,2.4,Y640F,12/20/22,Sanger,NA,>15%,Y,"Anemia, Neutropenia",MTX,0,4,NR,1,NA,NA,NA,FALSE,163,pass,cbc_after_treatment_start,35,N,MT,Y,NA,NA,0,0,FALSE,FALSE,FALSE,FALSE,FALSE,FALSE,FALSE,FALSE,TRUE,pass
NA,Nate,2795,M,W,55,T,0.5,Y,0,4.69,42,14.8,2.6,89.5,13.7,131,26.92307692,61.53846154,0.7,1.6,WT,NA,NA,NA,NA,Y,Neutropenia,MTX,12,120,PR,1,NA,NA,NA,FALSE,0,pass,pass,55,Y,WT,Y,NA,NA,365,11.991786447638603,FALSE,FALSE,FALSE,FALSE,FALSE,FALSE,FALSE,FALSE,TRUE,pass
NA,Nate,2796,F,W,56,T,0.56,N,79,3.88,35.7,11.9,2.7,92,14,201,8.148148148,69.62962963,0.22,1.88,WT,NA,NA,NA,NA,Y,Neutropenia,MTX,4,27,CR,1,NA,NA,NA,FALSE,79,pass,pass,56,N,WT,Y,NA,NA,153,5.026694045174538,FALSE,FALSE,FALSE,FALSE,FALSE,FALSE,FALSE,FALSE,TRUE,pass
NA,Nate,2805,F,W,54,T,Unclear/not specifically reported,Y,23,4.42,38.6,12.6,2.35,87.3,14.4,235,8.936170213,60,0.21,1.41,WT,NA,NA,NA,NA,Y,Neutropenia,MTX,2,8,CR,1,NA,NA,NA,FALSE,23,pass,pass,54,Y,WT,Y,NA,NA,61,2.004106776180698,FALSE,FALSE,FALSE,FALSE,FALSE,FALSE,FALSE,FALSE,TRUE,pass
NA,Nate,2808,M,W,68,T,Unclear/not specifically reported,Y,28,3.65,27.6,9.1,2.1,75.6,16.8,244,0.952380952,80.95238095,0.02,1.7,D661Y by OSH NGS,1/0/00,0,0,0,Y,Neutropenia,MTX,1,6,NR,1,NA,NA,NA,FALSE,28,pass,pass,68,Y,MT,Y,NA,NA,31,1.0184804928131417,FALSE,FALSE,FALSE,FALSE,FALSE,FALSE,FALSE,FALSE,TRUE,pass
NA,Nate,2818,M,W,64,T,0.38,Y,46,4.8,41.6,14.3,4.4,87,15.4,215,6.818181818,65.90909091,0.3,2.9,Y640F,4/3/23,Sanger,0,>15%,Y,Neutropenia,MTX,1,8,PR,2,3/2/24,NA,NA,FALSE,46,pass,cbc_after_treatment_start,64,Y,MT,Y,3/2/24,3/2/24,31,1.0184804928131417,FALSE,FALSE,FALSE,FALSE,FALSE,FALSE,FALSE,FALSE,TRUE,pass
NA,Nate,2830,F,W,74,T,0.52,N,0,3.23,30.4,9.7,3.8,94.1,15.9,16,33.42105263,55,1.27,2.09,WT,NA,NA,NA,NA,Y,"Anemia, Thrombocytopenia",MTX,1,3,NR,1,NA,NA,NA,FALSE,0,pass,pass,74,N,WT,Y,NA,NA,30,0.9856262833675564,FALSE,FALSE,FALSE,FALSE,FALSE,FALSE,FALSE,FALSE,TRUE,pass
NA,Nate,2834,M,W,36,T,0.235,N,20,4.57,36.3,11.6,2.1,79.4,13.8,236,4.761904762,52.38095238,0.1,1.1,WT,NA,NA,NA,NA,Y,Neutropenia,MTX,1,38,CR,1,NA,NA,NA,FALSE,20,pass,pass,36,N,WT,Y,NA,NA,28,0.919917864,FALSE,FALSE,FALSE,FALSE,FALSE,FALSE,FALSE,FALSE,TRUE,pass
NA,Nate,2839,F,W,83,T,0.68,Y,3,4.22,36.9,12.1,1.65,87.4,13.2,144,10.90909091,69.09090909,0.18,1.14,WT,NA,NA,NA,NA,Y,Neutropenia,MTX,1,4,NR,1,NA,NA,NA,FALSE,3,pass,pass,83,Y,WT,Y,NA,NA,31,1.0184804928131417,FALSE,FALSE,FALSE,FALSE,FALSE,FALSE,FALSE,FALSE,TRUE,pass
NA,Nate,2841,F,W,72,T,0.68,N,100,3.58,35.9,11.7,1.3,100,14.4,184,15.38461538,84.61538462,0.2,1.1,Y640F,8/15/23,Sanger,NA,>15%,Y,"Anemia, Neutropenia, Thrombocytopenia","Prednisone, G-CSF",0,0,PR,1,NA,NA,NA,FALSE,100,pass,treated_but_missing_tx1_start_date,72,N,MT,Y,NA,NA,NA,NA,FALSE,FALSE,FALSE,FALSE,TRUE,FALSE,FALSE,FALSE,FALSE,treated_missing_Tx1_start_date
NA,Nate,2842,M,W,56,T,0.363,N,-16,4.56,42.8,14.2,17.4,93.9,13.5,536,20,67,3.48,11.658,WT,NA,NA,NA,NA,Y,Other,MTX,8,40,Unclear,1,NA,NA,NA,TRUE,-16,pass,pass,56,N,WT,Y,NA,NA,275,9.034907597535934,FALSE,FALSE,FALSE,FALSE,FALSE,FALSE,FALSE,FALSE,TRUE,pass
NA,Nate,2856,M,W,68,T,0.55,N,396,2.06,24.2,8.5,6.6,117.5,14.3,383,48.5,36.89393939,3.201,2.435,WT,NA,NA,NA,NA,Y,Anemia,MTX,13,3,NR,2,5/8/25,NA,NA,FALSE,396,outside_1_year_window,pass,68,N,WT,Y,5/8/25,5/8/25,426,13.995893223819301,FALSE,FALSE,FALSE,FALSE,FALSE,FALSE,FALSE,FALSE,TRUE,pass
NA,Nate,2857,F,Other,52,T,0.59,N,54,2.48,25.9,8.5,2.8,104.4,18.6,183,17.85714286,71.78571429,0.5,2.01,Y640F,8/16/23,NA,NA,NA,Y,"Anemia, Neutropenia",MTX,1,4,CR,1,NA,NA,NA,FALSE,54,pass,pass,52,N,MT,Y,NA,NA,54,1.7741273100616017,FALSE,FALSE,FALSE,FALSE,FALSE,FALSE,FALSE,FALSE,TRUE,pass
NA,Nate,2860,F,W,30,T,0.877,N,-3,2.85,29.7,10.1,4.8,104.2,14.8,64,7.708333333,91.29166667,0.37,4.382,WT,NA,NA,NA,NA,Y,Neutropenia,Sirolimus,0,2,NR,1,NA,NA,NA,TRUE,-3,pass,cbc_after_treatment_start,30,N,WT,Y,NA,NA,-181,-5.94661191,FALSE,FALSE,FALSE,FALSE,FALSE,FALSE,FALSE,TRUE,FALSE,negative_time
NA,Nate,2861,F,AA,70,T,0.79,N,85,4.36,33.6,10.4,3.18,77.1,17.7,27,3.459119497,83.01886792,0.11,2.64,Y640F,7/25/23,Sanger,NA,>15%,Y,"Anemia, Neutropenia",MTX,0,5,NR,1,NA,NA,NA,FALSE,85,pass,cbc_after_treatment_start,70,N,MT,Y,NA,NA,0,0,FALSE,FALSE,FALSE,FALSE,FALSE,FALSE,FALSE,FALSE,TRUE,pass
NA,Nate,2862,M,W,81,T,0.86,N,66,NA,19.8,6.7,6.9,91,NA,380,18.55072464,72.46376812,1.28,5,Y640F,8/1/23,Sanger,NA,>15%,Y,Anemia,MTX,0,3,NR,1,NA,NA,NA,FALSE,66,pass,pass,81,N,MT,Y,NA,NA,120,3.9425051334702257,FALSE,FALSE,FALSE,FALSE,FALSE,FALSE,FALSE,FALSE,TRUE,pass
NA,Nate,2871,F,W,47,T,0.39,N,29,4.18,36.1,12.7,2,86.4,12.1,121,24,62,0.48,1.24,WT,NA,NA,NA,NA,Y,Neutropenia,MTX,0,41,CR,1,NA,NA,NA,FALSE,29,pass,cbc_after_treatment_start,47,N,WT,Y,NA,NA,22,0.7227926078028748,FALSE,FALSE,FALSE,FALSE,FALSE,FALSE,FALSE,FALSE,TRUE,pass
NA,Nate,2889,F,W,45,T,0.53,N,56,2.71,39.2,13,2.71,81.5,13.8,171,12.91512915,60.88560886,0.35,1.65,Y640F,Sanger,NA,NA,NA,Y,Neutropenia,MTX,2,30,NR,1,NA,NA,NA,FALSE,56,pass,pass,45,N,MT,Y,NA,NA,90,2.9568788501026693,FALSE,FALSE,FALSE,FALSE,FALSE,FALSE,FALSE,FALSE,TRUE,pass
NA,Nate,2891,F,W,67,T,0.82,N,NA,NA,NA,12.3,2.85,NA,NA,315,8.421052632,72.98245614,0.24,2.08,Y640F,Sanger,NA,NA,>15%,Y,Neutropenia,MTX,2,10,CR,1,NA,NA,NA,NA,NA,missing_or_invalid_date,treated_but_missing_tx1_start_date,67,N,MT,Y,NA,NA,75,2.4640657084188913,FALSE,FALSE,FALSE,FALSE,FALSE,FALSE,FALSE,FALSE,TRUE,pass
NA,Nate,2894,M,W,41,T,0.39,N,0,4.73,42.9,14.6,2.3,90.7,12.8,253,9.130434783,47.39130435,0.21,1.09,WT,NA,NA,NA,NA,Y,Neutropenia,MTX,1,3,NR,1,NA,NA,NA,FALSE,0,pass,pass,41,N,WT,Y,NA,NA,10,0.32854209445585214,FALSE,FALSE,FALSE,FALSE,FALSE,FALSE,FALSE,FALSE,TRUE,pass
NA,Nate,2897,F,W,48,T,0.771,N,-64,3.5,35.6,13,5.7,100.6,14.4,197,15.78947368,73.68421053,0.9,4.2,WT,NA,NA,NA,NA,Y,"Neutropenia, Anemia",MTX,33,17,NR,1,NA,NA,NA,TRUE,-64,pass,pass,48,N,WT,Y,NA,NA,995,32.68993839835729,FALSE,FALSE,FALSE,FALSE,FALSE,FALSE,FALSE,FALSE,TRUE,pass
NA,Nate,2987,F,AA,61,T,Unclear/not specifically reported,Y,4,4.74,37.9,11.5,4.6,80,14.9,144,2.173913043,93.47826087,0.1,4.3,D661Y,3/11/25,Sanger,NA,>15%,Y,Neutropenia,CTX,1,2,NR,1,NA,NA,NA,FALSE,4,pass,pass,61,Y,MT,Y,NA,NA,31,1.0184804928131417,FALSE,FALSE,FALSE,FALSE,FALSE,FALSE,FALSE,FALSE,TRUE,pass
NA,Nate,2988,M,W,66,T,Unclear/not specifically reported,N,156,4.88,44.1,14.9,3.08,90.4,14.3,174,31.49350649,56.81818182,0.97,1.75,D661Y,5/24/24,EndLeukemia,NA,0.21,Y,Neutropenia,MTX,2,8,PR,1,NA,NA,NA,FALSE,156,pass,pass,66,N,MT,Y,NA,NA,197,6.4722792607802875,FALSE,FALSE,FALSE,FALSE,FALSE,FALSE,FALSE,FALSE,TRUE,pass
NA,Nate,3014,M,W,73,T,Unclear/not specifically reported,Y,-8,4.72,42.8,14.6,7,90.8,14.2,192,7,83,0.49,5.81,D661Y,1/21/25,Sanger,NA,>15%,Y,Neutropenia,MTX,4,7,NR,1,NA,NA,NA,TRUE,-8,pass,pass,73,Y,MT,Y,NA,NA,126,4.139630390143737,FALSE,FALSE,FALSE,FALSE,FALSE,FALSE,FALSE,FALSE,TRUE,pass
NA,Nate,3026,M,W,79,T,Unclear/not specifically reported,N,-1,2.64,30.6,9.6,10.48,115.9,17.7,204,16.50763359,49.61832061,1.73,5.2,D661Y,3/11/25,Sanger,NA,>15%,Y,Neutropenia,RTX,6,0.5,NA,1,NA,NA,NA,TRUE,-1,pass,pass,79,N,MT,Y,NA,NA,166,5.453798767967146,FALSE,FALSE,FALSE,FALSE,FALSE,FALSE,FALSE,FALSE,TRUE,pass
NA,Katie,2380,F,W,68,T,39,N,98,4.8,40.7,13.6,9.41,84.8,13.2,465,37.19447396,49.41551541,3.5,4.65,WT,4/9/19,Sanger,NA,N A,N,NA,NA,NA,NA,NA,1,NA,NA,NA,FALSE,98,pass,pass,68,N,WT,N,NA,NA,2373,77.96303901,FALSE,FALSE,FALSE,FALSE,FALSE,FALSE,FALSE,FALSE,TRUE,pass
NA,Katie,2383,F,W,61,T,56,Y,0,3.91,38,13,2.36,97.2,15.2,80,17.79661017,60.16949153,0.42,1.42,WT,4/16/19,Sanger,NA,N A,Y,Neutropenia,Prednisone,-2,2,NA,1,NA,NA,NA,FALSE,0,pass,cbc_after_treatment_start,61,Y,WT,Y,NA,NA,-197,-6.472279261,FALSE,FALSE,FALSE,FALSE,FALSE,FALSE,FALSE,TRUE,FALSE,negative_time
NA,Katie,2388,M,W,72,T,17,N,0,,42.4,14,6,90.4,16,339,,40.5,,2.43,WT,4/23/19,Sanger,NA,N A,N,NA,NA,NA,NA,NA,1,NA,NA,NA,FALSE,0,pass,pass,72,N,WT,N,NA,NA,2429,79.80287474,FALSE,FALSE,FALSE,FALSE,FALSE,FALSE,FALSE,FALSE,TRUE,pass
NA,Katie,2392,F,W,85,T,35,N,0,,45.3,14.2,9.05,95.2,14.3,284,55.24861878,33.25966851,5,3.01,WT,5/7/19,Sanger,NA,N A,N,NA,NA,NA,NA,NA,1,NA,NA,NA,FALSE,0,pass,pass,85,N,WT,N,NA,NA,2417,79.40862423,FALSE,FALSE,FALSE,FALSE,FALSE,FALSE,FALSE,FALSE,TRUE,pass
NA,Katie,2394,F,W,74,T,45,N,0,4.58,39.9,12.6,8.56,86.5,15,292,51.1682243,33.87850467,4.38,2.9,WT,5/14/19,Sanger,NA,N A,N,NA,NA,NA,NA,NA,1,NA,NA,NA,FALSE,0,pass,pass,74,N,WT,N,NA,NA,2353,77.30595483,FALSE,FALSE,FALSE,FALSE,FALSE,FALSE,FALSE,FALSE,TRUE,pass
NA,Katie,2396,M,W,60,T,Unk,N,48,4.33,38.4,12.7,70.86,,,154,2.963590178,,2.1,,WT,5/14/19,Sanger,NA,N A,Y,Neutropenia,CTX,5,5,NR,2,6/18/19,NA,NA,FALSE,48,pass,pass,60,N,WT,Y,6/18/19,6/18/19,153,5.026694045,FALSE,FALSE,FALSE,FALSE,FALSE,FALSE,FALSE,FALSE,TRUE,pass
NA,Katie,2398,M,W,54,T,60,N,50,3.09,32.9,11.4,3.72,106.5,15,51,9.408602151,82.52688172,0.35,3.07,WT,5/21/19,Sanger,NA,N A,Y,Neutropenia,MTX,2,2,NR,1,NA,NA,NA,FALSE,50,pass,pass,54,N,WT,Y,NA,NA,50,1.642710472,FALSE,FALSE,FALSE,FALSE,FALSE,FALSE,FALSE,FALSE,TRUE,pass
NA,Katie,2399,M,W,40,T,73,N,846,4.57,40.9,13.4,7.32,89.5,13.9,213,12.84153005,76.63934426,0.94,5.61,WT,5/28/19,Sanger,NA,N A,N,NA,NA,NA,NA,NA,NA,NA,NA,NA,FALSE,846,outside_1_year_window,pass,40,N,WT,N,NA,NA,NA,NA,FALSE,FALSE,FALSE,FALSE,FALSE,TRUE,FALSE,FALSE,FALSE,untreated_missing_censor_date
NA,Katie,2401,M,W,65,T,30,Y,0,5.09,15.9,15.9,7.35,90.4,12.3,257,65.71428571,23.1292517,4.83,1.7,WT,6/4/19,Sanger,NA,N A,Y,rheumatologic problems,RTX,-24,-24,PR,1,NA,NA,NA,FALSE,0,pass,cbc_after_treatment_start,65,Y,WT,Y,NA,NA,-733,-24.08213552,FALSE,FALSE,FALSE,FALSE,FALSE,FALSE,FALSE,TRUE,FALSE,negative_time
NA,Katie,2403,M,W,59,T,96,N,1,2.22,21.7,7.7,8.6,97.7,21.2,264,11.27906977,81.97674419,0.97,7.05,D661V,6/11/19,Sanger,NA,N A,Y,anemia,MTX,-1,-1,NR,NA,NA,NA,NA,FALSE,1,pass,cbc_after_treatment_start,59,N,MT,Y,NA,NA,-24,-0.788501027,FALSE,FALSE,FALSE,FALSE,FALSE,FALSE,FALSE,TRUE,FALSE,negative_time
NA,Katie,2404,M,W,66,T,88,N,3605,3.67,30.3,9.5,6.14,82.6,18.1,82,0.977198697,96.57980456,0.06,5.93,Y657 duplcation,6/11/19,Sanger,NA,N A,Y,anemia,Prednisone,5,5,NR,1,NA,NA,NA,FALSE,3605,outside_1_year_window,cbc_after_treatment_start,66,N,MT,Y,NA,NA,157,5.158110883,FALSE,FALSE,FALSE,FALSE,FALSE,FALSE,FALSE,FALSE,TRUE,pass
NA,Katie,2411,M,W,58,T,88,N,29,2.51,26.6,8.8,8.6,106,17.6,203,22.55813953,71.27906977,1.94,6.13,S614R,7/23/19,Sanger,NA,N A,N,NA,NA,NA,NA,NA,1,NA,NA,NA,FALSE,29,pass,pass,58,N,MT,N,NA,NA,216,7.09650924,FALSE,FALSE,FALSE,FALSE,FALSE,FALSE,FALSE,FALSE,TRUE,pass
NA,Katie,2415,M,W,52,T,28,N,59,,50.6,16.9,7.24,90.4,14.7,197,59.25414365,29.55801105,4.29,2.14,WT,7/30/19,Sanger,NA,N A,N,NA,NA,NA,NA,NA,1,NA,NA,NA,FALSE,59,pass,pass,52,N,WT,N,NA,NA,2299,75.53182752,FALSE,FALSE,FALSE,FALSE,FALSE,FALSE,FALSE,FALSE,TRUE,pass
NA,Katie,2419,F,W,66,T,17,N,0,,34.4,11.6,2.77,96.6,15.4,205,29.96389892,60.28880866,0.83,1.67,Y657 duplcation,8/13/19,Sanger,NA,N A,N,NA,NA,NA,NA,NA,1,NA,NA,NA,FALSE,0,pass,pass,66,N,MT,N,NA,NA,2186,71.81930185,FALSE,FALSE,FALSE,FALSE,FALSE,FALSE,FALSE,FALSE,TRUE,pass
NA,Katie,2420,F,W,66,T,76,N,0,,27.5,9.1,6.01,102.6,15.2,211,34.44259567,56.90515807,2.07,3.42,S614R,8/20/19,Sanger,NA,N A,N,NA,NA,NA,NA,NA,1,NA,NA,NA,FALSE,0,pass,pass,66,N,MT,N,NA,NA,2278,74.84188912,FALSE,FALSE,FALSE,FALSE,FALSE,FALSE,FALSE,FALSE,TRUE,pass
NA,Katie,2423,F,W,60,T,33,N,179,,41.4,13.8,3.57,92.8,11.9,217,43.41736695,42.85714286,1.55,1.53,WT,8/27/19,Sanger,NA,N A,N,NA,NA,NA,NA,NA,1,NA,NA,NA,FALSE,179,pass,pass,60,N,WT,N,NA,NA,1277,41.95482546,FALSE,FALSE,FALSE,FALSE,FALSE,FALSE,FALSE,FALSE,TRUE,pass
NA,Katie,2424,M,W,52,T,78,N,7178,3.72,32.9,10.5,3.72,88.4,14.5,128,65.59139785,26.61290323,2.44,0.99,WT,8/27/19,Sanger,NA,N A,Y,Neutropenia,CTX,0,0,NR,1,NA,NA,NA,FALSE,7178,outside_1_year_window,cbc_after_treatment_start,52,N,WT,Y,NA,NA,0,0,FALSE,FALSE,FALSE,FALSE,FALSE,FALSE,FALSE,TRUE,FALSE,negative_time
NA,Katie,2430,M,W,66,T,53,N,0,4.36,42.7,13.8,5.82,96.6,16.1,271,3,82,0.1746,4.7724,WT,9/10/19,Sanger,NA,N A,Y,Neutropenia,MTX,4,4,PR,1,NA,NA,NA,FALSE,0,pass,pass,66,N,WT,Y,NA,NA,132,4.336755647,FALSE,FALSE,FALSE,FALSE,FALSE,FALSE,FALSE,FALSE,TRUE,pass
NA,Katie,2431,F,W,77,T,83,N,87,4.01,35.1,12.1,4.8,87.3,,266,18.75,68.95833333,0.9,3.31,Y640F,9/19/19,Sanger,NA,N A,N,NA,NA,NA,NA,NA,1,NA,NA,NA,FALSE,87,pass,pass,77,N,MT,N,NA,NA,463,15.21149897,FALSE,FALSE,FALSE,FALSE,FALSE,FALSE,FALSE,FALSE,TRUE,pass
NA,Katie,2442,M,AA,70,T,43,N,0,3.69,,12,4.81,98.1,11.9,228,37.21413721,52.18295218,1.79,2.51,WT,10/29/19,Sanger,NA,N A,N,NA,NA,NA,NA,NA,1,NA,NA,NA,FALSE,0,pass,pass,70,N,WT,N,NA,NA,443,14.55441478,FALSE,FALSE,FALSE,FALSE,FALSE,FALSE,FALSE,FALSE,TRUE,pass
NA,Katie,2447,M,W,73,T,46,N,0,4.84,43.6,14.2,8.15,90.1,13.6,446,43.6809816,41.8404908,3.56,3.41,WT,11/12/19,Sanger,NA,N A,N,liver transplant,NA,NA,NA,NA,1,NA,NA,NA,FALSE,0,pass,pass,73,N,WT,N,NA,NA,0,0,FALSE,FALSE,FALSE,FALSE,FALSE,FALSE,FALSE,TRUE,FALSE,negative_time
NA,Katie,2449,M,W,67,T,76,N,-6,4.98,44.5,15.6,9.1,89.3,13.7,168,19.78021978,64.83516484,1.8,5.9,WT,11/12/19,Sanger,NA,N A,N,NA,NA,NA,NA,NA,1,NA,NA,NA,TRUE,-6,pass,pass,67,N,WT,N,NA,NA,1007,33.08418891,FALSE,FALSE,FALSE,FALSE,FALSE,FALSE,FALSE,FALSE,TRUE,pass
NA,Katie,2450,M,W,53,T,33,N,0,5.2,43.9,14.5,5.2,84,14.8,107,40.96153846,50.76923077,2.13,2.64,WT,11/13/19,Sanger,NA,N A,N,NA,NA,NA,NA,NA,1,NA,NA,NA,FALSE,0,pass,pass,53,N,WT,N,NA,NA,74,2.431211499,FALSE,FALSE,FALSE,FALSE,FALSE,FALSE,FALSE,FALSE,TRUE,pass
NA,Katie,2455,F,W,58,T,38,N,-5,5.51,46.5,15.6,12.2,84.5,13.3,302,33.9,57,4.1358,6.954,WT,11/26/19,Sanger,NA,N A,N,NA,NA,NA,NA,NA,1,NA,NA,NA,TRUE,-5,pass,pass,58,N,WT,N,NA,NA,1127,37.02669405,FALSE,FALSE,FALSE,FALSE,FALSE,FALSE,FALSE,FALSE,TRUE,pass
NA,Katie,2456,M,W,66,T,93,N,0,4.53,41.1,13.6,6.4,90.7,15.6,137,20.3125,76,1.3,4.864,D661Y,11/26/19,Sanger,NA,N A,N,NA,NA,NA,NA,NA,1,NA,NA,NA,FALSE,0,pass,pass,66,N,MT,N,NA,NA,27,0.887063655,FALSE,FALSE,FALSE,FALSE,FALSE,FALSE,FALSE,FALSE,TRUE,pass
NA,Katie,2458,F,W,26,T,54,N,0,,,8.9,3.61,109.6,,240,,,,,WT,12/3/19,Sanger,NA,N A,Y,Neutropenia,CyA,6,6,CR,1,NA,NA,NA,FALSE,0,pass,pass,26,N,WT,Y,NA,NA,176,5.782340862,FALSE,FALSE,FALSE,FALSE,FALSE,FALSE,FALSE,FALSE,TRUE,pass
NA,Katie,2459,M,W,47,T,56,N,0,3.98,33.4,11.2,5.59,83.9,43.8,304,,86.94096601,0,4.86,WT,12/3/19,Sanger,NA,N A,Y,Neutropenia,MTX,3,3,PR,1,NA,NA,NA,FALSE,0,pass,pass,47,N,WT,Y,NA,NA,105,3.449691992,FALSE,FALSE,FALSE,FALSE,FALSE,FALSE,FALSE,FALSE,TRUE,pass
NA,Katie,2461,M,W,65,T,95,N,4414,2.51,28,9.1,10.35,111.6,17.6,170,2.608695652,92.07729469,0.27,9.53,D661Y,12/17/19,Sanger,NA,N A,Y,myeloma,CTX,178,178,NR,1,NA,NA,NA,FALSE,4414,outside_1_year_window,pass,65,N,MT,Y,NA,NA,5424,178.201232,FALSE,FALSE,FALSE,FALSE,FALSE,FALSE,FALSE,FALSE,TRUE,pass
NA,Katie,2463,M,W,61,T,38,N,-371,3.9,32.5,10,11.6,83.1,16,219,13.01724138,74.05172414,1.51,8.59,WT,12/17/19,Sanger,NA,N A,N,NA,NA,NA,NA,NA,1,NA,NA,NA,TRUE,-371,outside_1_year_window,pass,61,N,WT,N,NA,NA,1498,49.21560575,FALSE,FALSE,FALSE,FALSE,FALSE,FALSE,FALSE,FALSE,TRUE,pass
NA,Katie,2467,F,W,80,T,89,N,0,2.17,20.1,6.4,6,92.6,15.6,149,,,,,WT,1/14/20,Sanger,NA,N A,Y,Neutropenia,CyA,2,2,NR,2,12/21/20,NA,NA,FALSE,0,pass,pass,80,N,WT,Y,12/21/20,12/21/20,58,1.905544148,FALSE,FALSE,FALSE,FALSE,FALSE,FALSE,FALSE,FALSE,TRUE,pass
NA,Katie,2469,F,W,84,NK,14,N,0,4.52,41.9,13.6,7.07,92.7,16,252,64.92220651,19.23620934,4.59,1.36,WT,1/21/20,Sanger,NA,N A,N,NA,NA,NA,NA,NA,1,NA,NA,NA,FALSE,0,pass,pass,84,N,WT,N,NA,NA,1381,45.37166324,FALSE,FALSE,FALSE,FALSE,FALSE,FALSE,FALSE,FALSE,TRUE,pass
NA,Katie,2471,F,W,75,T,34,N,0,4.87,43.2,14.3,3.54,88.7,13.4,174,43.78531073,42.65536723,1.55,1.51,WT,1/21/20,Sanger,NA,N A,N,NA,NA,NA,NA,NA,1,NA,NA,NA,FALSE,0,pass,pass,75,N,WT,N,NA,NA,647,21.25667351,FALSE,FALSE,FALSE,FALSE,FALSE,FALSE,FALSE,FALSE,TRUE,pass
NA,Katie,2473,F,W,64,T,90,N,0,4.38,39.3,12.4,8.26,89.7,15.7,145,20.46004843,62.83292978,1.69,5.19,WT,1/24/20,Sanger,NA,N A,Y,autoimmune disease,Prednisone,0,0,PR,1,NA,NA,NA,FALSE,0,pass,pass,64,N,WT,Y,NA,NA,12,0.394250513,FALSE,FALSE,FALSE,FALSE,FALSE,FALSE,FALSE,FALSE,TRUE,pass
NA,Katie,2474,F,W,61,T,Unk,N,0,3.26,31.5,11.1,7.5,96.6,23.9,253,13.33333333,81.33333333,1,6.1,WT,2/27/20,Sanger,NA,N A,Y,Neutropenia,MTX,#VALUE!,#VALUE!,NR,1,NA,NA,NA,FALSE,0,pass,treated_but_missing_tx1_start_date,61,N,WT,Y,NA,NA,NA,NA,FALSE,FALSE,FALSE,FALSE,TRUE,FALSE,FALSE,FALSE,FALSE,treated_missing_Tx1_start_date
NA,Katie,2478,F,W,65,T,68,N,-8,4.29,37.9,13.5,9.7,88.3,13.7,347,19.58762887,57.73195876,1.9,5.6,WT,1/28/20,Sanger,NA,N A,N,NA,NA,NA,NA,NA,1,NA,NA,NA,TRUE,-8,pass,pass,65,N,WT,N,NA,NA,102,3.351129363,FALSE,FALSE,FALSE,FALSE,FALSE,FALSE,FALSE,FALSE,TRUE,pass
NA,Katie,2480,F,W,39,T,39,N,187,2.29,23.9,7.6,1.25,104.4,26.3,182,64.8,26.4,0.81,0.33,WT,2/4/20,Sanger,NA,N A,Y,Neutropenia,MTX,1,1,NR,1,NA,NA,NA,FALSE,187,pass,cbc_after_treatment_start,39,N,WT,Y,NA,NA,26,0.854209446,FALSE,FALSE,FALSE,FALSE,FALSE,FALSE,FALSE,FALSE,TRUE,pass
NA,Katie,2481,M,W,62,T,53,N,0,3.88,34.3,11.2,2.18,88.4,13.8,116,16.97247706,38.53211009,0.37,0.84,WT,2/4/20,Sanger,NA,N A,Y,Neutropenia,Prednisone,-49,-49,PR,2,4/22/22,NA,NA,FALSE,0,pass,cbc_after_treatment_start,62,N,WT,Y,4/22/22,4/22/22,-1495,-49.11704312,FALSE,FALSE,FALSE,FALSE,FALSE,FALSE,FALSE,TRUE,FALSE,negative_time
NA,Katie,2482,F,W,81,T,37,N,0,2.46,22,7.2,5.98,89.4,13.6,292,63.71237458,18.72909699,3.81,1.12,WT,2/7/20,Sanger,NA,N A,Y,anemia,CTX,2,2,CR,1,NA,NA,NA,FALSE,0,pass,pass,81,N,WT,Y,NA,NA,54,1.77412731,FALSE,FALSE,FALSE,FALSE,FALSE,FALSE,FALSE,FALSE,TRUE,pass
NA,Katie,2487,F,W,70,T,96,N,-31,3.89,36.2,12.1,2.6,93.2,15,141,18461.53846,64230.76923,480,1670,Y640F,2/18/20,Sanger,NA,N A,Y,autoimmune disease,Prednisone,-130,-130,CR,1,NA,NA,NA,TRUE,-31,pass,cbc_after_treatment_start,70,N,MT,Y,NA,NA,-3962,-130.1683778,FALSE,FALSE,FALSE,FALSE,FALSE,FALSE,FALSE,TRUE,FALSE,negative_time
NA,Katie,2489,F,W,60,T,59,N,0,3.62,33.1,11.3,15.12,91.4,12.8,318,,,,,WT,2/18/20,Sanger,NA,N A,N,NA,NA,NA,NA,NA,2,5/19/26,NA,NA,FALSE,0,pass,pass,60,N,WT,N,5/19/26,5/19/26,2341,76.91170431,TRUE,FALSE,FALSE,FALSE,FALSE,FALSE,FALSE,FALSE,TRUE,pass
NA,Katie,2490,F,W,43,T,52,N,1478,2.91,24.8,8.4,1.9,85.2,13.6,42,30,64.21052632,0.57,1.22,D661Y,2/18/20,Sanger,NA,N A,Y,Neutropenia,MTX,35,35,NR,1,NA,NA,NA,FALSE,1478,outside_1_year_window,cbc_after_treatment_start,43,N,MT,Y,NA,NA,1065,34.98973306,FALSE,FALSE,FALSE,FALSE,FALSE,FALSE,FALSE,FALSE,TRUE,pass
NA,Katie,2492,M,W,56,T,Unk,N,0,4,37.1,12,2.1,93,12.4,182,9.047619048,66.04761905,0.19,1.387,WT,10/14/20,Sanger,NA,N A,Y,Neutropenia,CTX,2,2,NA,1,NA,NA,NA,FALSE,0,pass,pass,56,N,WT,Y,NA,NA,55,1.80698152,FALSE,FALSE,FALSE,FALSE,FALSE,FALSE,FALSE,FALSE,TRUE,pass
NA,Katie,2494,M,W,61,T,34,N,7,2.23,19.3,6.6,1,87,,146,46,43,0.46,0.43,WT,2/25/20,Sanger,NA,N A,Y,Neutropenia,MTX,0,0,CR,1,NA,NA,NA,FALSE,7,pass,pass,61,N,WT,Y,NA,NA,7,0.229979466,FALSE,FALSE,FALSE,FALSE,FALSE,FALSE,FALSE,FALSE,TRUE,pass
NA,Katie,2497,F,W,60,T,62,N,254,2.97,28.1,9.8,2.11,94.6,18.4,8,18.48341232,76.30331754,0.39,1.61,WT,3/10/20,Sanger,NA,N A,Y,Neutropenia,CTX,-210,-210,CR,2,5/6/21,NA,NA,FALSE,254,pass,cbc_after_treatment_start,60,N,WT,Y,5/6/21,5/6/21,-6389,-209.9055441,FALSE,FALSE,FALSE,FALSE,FALSE,FALSE,FALSE,TRUE,FALSE,negative_time
NA,Katie,2498,F,AA,67,T,58,Y,222,3.63,35.8,11.7,4.56,98.6,13.1,236,68.42105263,25.21929825,3.12,1.15,WT,3/10/20,Sanger,NA,N A,N,autoimmune disease,NA,NA,NA,NA,1,NA,NA,NA,FALSE,222,pass,pass,67,Y,WT,N,NA,NA,222,7.293634497,FALSE,FALSE,FALSE,FALSE,FALSE,FALSE,FALSE,FALSE,TRUE,pass